match_id,season,venue,Total_Runs,Total_Extras,Wickets_Taken,balls_bowled,100s,50s,30s,sixes,fours,ducks,d11
335982,2008-01-01,M Chinnaswamy Stadium,268,36,225,225,1,1,1,17.0,18.0,1,262.0
335983,2008-01-01,Punjab Cricket Association Stadium,430,17,248,248,1,3,5,25.0,38.0,0,530.0
335984,2008-01-01,Arun Jaitley Stadium,244,17,219,219,0,2,2,4.0,32.0,0,242.0
335985,2008-01-01,Wankhede Stadium,315,16,246,246,0,0,3,11.0,33.0,1,320.0
335986,2008-01-01,Eden Gardens,184,38,240,240,0,0,2,10.0,11.0,4,137.0
335987,2008-01-01,Sawai Mansingh Stadium,318,16,241,241,0,2,3,14.0,35.0,1,329.0
335988,2008-01-01,Rajiv Gandhi International Stadium,268,17,205,205,0,2,2,12.0,27.0,0,289.0
335989,2008-01-01,MA Chidambaram Stadium,379,31,255,255,0,2,5,14.0,43.0,0,432.0
335990,2008-01-01,Rajiv Gandhi International Stadium,418,13,248,248,1,3,5,23.0,42.0,0,506.0
335991,2008-01-01,Punjab Cricket Association Stadium,284,14,250,250,0,1,1,9.0,30.0,4,270.0
335992,2008-01-01,M Chinnaswamy Stadium,264,9,229,229,0,1,4,9.0,34.0,2,270.0
335993,2008-01-01,MA Chidambaram Stadium,273,26,233,233,0,1,3,9.0,26.0,2,273.0
335994,2008-01-01,Dr DY Patil Sports Academy,289,20,202,202,1,1,5,16.0,27.0,1,354.0
335995,2008-01-01,Punjab Cricket Association Stadium,300,20,248,248,0,1,3,5.0,37.0,1,281.0
335996,2008-01-01,M Chinnaswamy Stadium,332,11,247,247,0,3,4,13.0,31.0,1,349.0
335997,2008-01-01,Eden Gardens,247,28,243,243,0,1,3,5.0,32.0,1,241.0
335998,2008-01-01,Arun Jaitley Stadium,356,16,243,243,0,3,5,12.0,37.0,0,395.0
335999,2008-01-01,Rajiv Gandhi International Stadium,321,10,239,239,0,2,4,5.0,40.0,0,331.0
336000,2008-01-01,Sawai Mansingh Stadium,321,26,249,249,0,3,5,11.0,30.0,1,307.0
336001,2008-01-01,MA Chidambaram Stadium,328,13,244,244,0,3,4,10.0,33.0,0,367.0
336002,2008-01-01,Rajiv Gandhi International Stadium,320,16,240,240,0,0,6,14.0,34.0,2,336.0
336003,2008-01-01,Punjab Cricket Association Stadium,326,21,247,247,0,2,3,13.0,31.0,0,333.0
336004,2008-01-01,Dr DY Patil Sports Academy,281,14,238,238,0,0,4,13.0,23.0,2,258.0
336005,2008-01-01,Sawai Mansingh Stadium,191,28,209,209,0,0,3,3.0,22.0,4,163.0
336006,2008-01-01,M Chinnaswamy Stadium,226,27,238,238,0,1,4,4.0,28.0,5,210.0
336007,2008-01-01,MA Chidambaram Stadium,277,15,236,236,0,1,3,12.0,27.0,1,280.0
336008,2008-01-01,Dr DY Patil Sports Academy,188,19,202,202,0,0,3,5.0,16.0,2,138.0
336009,2008-01-01,Arun Jaitley Stadium,352,23,251,251,0,2,6,8.0,42.0,1,388.0
336010,2008-01-01,Eden Gardens,242,11,197,197,0,1,2,7.0,27.0,0,239.0
336011,2008-01-01,Sawai Mansingh Stadium,264,17,223,223,0,2,3,5.0,31.0,0,261.0
336012,2008-01-01,M Chinnaswamy Stadium,224,24,217,217,0,1,2,8.0,21.0,2,213.0
336013,2008-01-01,MA Chidambaram Stadium,326,18,253,253,0,3,4,17.0,22.0,2,346.0
336014,2008-01-01,Rajiv Gandhi International Stadium,364,21,252,252,0,3,4,17.0,38.0,0,404.0
336015,2008-01-01,Sawai Mansingh Stadium,287,28,245,245,0,1,3,11.0,23.0,1,266.0
336016,2008-01-01,Punjab Cricket Association Stadium,263,24,221,221,0,1,3,9.0,25.0,1,258.0
336017,2008-01-01,Eden Gardens,224,19,238,238,0,0,3,3.0,23.0,2,165.0
336018,2008-01-01,Wankhede Stadium,286,28,221,221,1,2,3,15.0,33.0,1,343.0
336019,2008-01-01,Punjab Cricket Association Stadium,392,9,245,245,1,3,5,22.0,38.0,0,480.0
336020,2008-01-01,Arun Jaitley Stadium,365,11,247,247,0,2,5,15.0,33.0,2,412.0
336021,2008-01-01,Wankhede Stadium,117,18,136,136,0,0,1,4.0,15.0,2,68.0
336022,2008-01-01,Arun Jaitley Stadium,198,14,123,123,0,1,3,14.0,14.0,1,222.0
336023,2008-01-01,Sawai Mansingh Stadium,297,32,252,252,0,3,4,9.0,31.0,4,324.0
336024,2008-01-01,Rajiv Gandhi International Stadium,303,28,252,252,0,1,5,12.0,30.0,1,293.0
336025,2008-01-01,Eden Gardens,187,17,175,175,0,1,2,3.0,23.0,1,182.0
336026,2008-01-01,M Chinnaswamy Stadium,291,21,236,236,0,1,4,9.0,33.0,0,288.0
336027,2008-01-01,Eden Gardens,285,12,224,224,0,0,4,11.0,30.0,0,287.0
336028,2008-01-01,Wankhede Stadium,342,35,249,249,0,3,3,14.0,35.0,3,363.0
336029,2008-01-01,MA Chidambaram Stadium,222,16,247,247,0,0,2,3.0,24.0,4,168.0
336031,2008-01-01,Punjab Cricket Association Stadium,340,13,243,243,0,4,5,17.0,27.0,0,399.0
336032,2008-01-01,Arun Jaitley Stadium,343,12,247,247,0,2,4,13.0,38.0,2,381.0
336033,2008-01-01,MA Chidambaram Stadium,396,16,248,248,0,4,6,18.0,39.0,1,477.0
336034,2008-01-01,M Chinnaswamy Stadium,298,11,244,244,0,2,4,9.0,30.0,0,294.0
336035,2008-01-01,Eden Gardens,329,20,248,248,0,2,3,14.0,34.0,3,341.0
336036,2008-01-01,Sawai Mansingh Stadium,262,29,253,253,0,0,3,3.0,25.0,1,219.0
336037,2008-01-01,Rajiv Gandhi International Stadium,268,27,250,250,0,1,4,6.0,29.0,1,259.0
336038,2008-01-01,Wankhede Stadium,268,11,223,223,0,1,4,11.0,28.0,2,242.0
336039,2008-01-01,Wankhede Stadium,220,8,215,215,0,2,2,6.0,24.0,1,206.0
336040,2008-01-01,Dr DY Patil Sports Academy,306,21,250,250,0,1,3,12.0,21.0,1,291.0
392181,2009-01-01,Newlands,299,12,244,244,0,1,4,9.0,29.0,2,288.0
392182,2009-01-01,Newlands,178,13,221,221,0,1,2,4.0,16.0,5,124.0
392183,2009-01-01,Newlands,149,13,108,108,0,0,2,10.0,11.0,0,152.0
392184,2009-01-01,Newlands,198,7,199,199,0,0,3,8.0,18.0,0,166.0
392185,2009-01-01,St George's Park,248,18,220,220,0,1,2,7.0,24.0,4,222.0
392186,2009-01-01,Kingsmead,221,16,187,187,0,0,4,10.0,18.0,1,219.0
392188,2009-01-01,Newlands,328,16,247,247,0,3,4,16.0,26.0,1,346.0
392189,2009-01-01,Kingsmead,353,16,246,246,1,3,4,13.0,30.0,2,401.0
392190,2009-01-01,Newlands,304,29,267,267,0,2,3,13.0,25.0,0,293.0
392191,2009-01-01,Kingsmead,320,21,242,242,0,2,5,12.0,26.0,3,328.0
392192,2009-01-01,Kingsmead,297,27,252,252,0,1,5,14.0,22.0,2,281.0
392194,2009-01-01,St George's Park,284,15,246,246,0,1,4,9.0,18.0,1,270.0
392195,2009-01-01,Newlands,228,23,253,253,0,1,4,3.0,21.0,0,189.0
392196,2009-01-01,Kingsmead,317,17,248,248,0,1,4,13.0,29.0,1,340.0
392197,2009-01-01,St George's Park,269,13,219,219,0,2,3,12.0,19.0,3,256.0
392198,2009-01-01,SuperSport Park,276,14,240,240,0,2,3,10.0,25.0,2,267.0
392199,2009-01-01,Kingsmead,264,18,248,248,0,0,3,5.0,24.0,1,230.0
392200,2009-01-01,Kingsmead,207,28,254,254,0,1,2,3.0,11.0,2,146.0
392201,2009-01-01,SuperSport Park,275,23,243,243,0,1,3,7.0,28.0,2,255.0
392202,2009-01-01,SuperSport Park,277,13,243,243,0,1,2,8.0,26.0,1,249.0
392203,2009-01-01,Buffalo Park,266,21,253,253,0,2,4,9.0,18.0,1,254.0
392204,2009-01-01,Kingsmead,263,19,247,247,0,1,2,9.0,24.0,2,221.0
392205,2009-01-01,St George's Park,269,14,246,246,0,0,5,10.0,23.0,3,260.0
392206,2009-01-01,New Wanderers Stadium,296,12,246,246,0,2,5,9.0,30.0,3,278.0
392207,2009-01-01,St George's Park,290,17,249,249,0,2,3,7.0,29.0,1,299.0
392208,2009-01-01,New Wanderers Stadium,285,14,238,238,0,4,4,7.0,27.0,1,324.0
392209,2009-01-01,Buffalo Park,261,17,215,215,0,1,5,13.0,20.0,4,261.0
392210,2009-01-01,Kingsmead,321,23,252,252,0,2,4,12.0,36.0,1,345.0
392211,2009-01-01,Kingsmead,299,12,240,240,0,2,6,6.0,31.0,0,334.0
392212,2009-01-01,SuperSport Park,259,12,245,245,0,1,2,9.0,19.0,2,212.0
392213,2009-01-01,SuperSport Park,204,8,218,218,0,1,1,6.0,16.0,1,164.0
392214,2009-01-01,SuperSport Park,347,12,220,220,0,4,6,17.0,31.0,1,430.0
392215,2009-01-01,Buffalo Park,215,19,247,247,0,1,2,5.0,18.0,2,177.0
392216,2009-01-01,De Beers Diamond Oval,321,16,247,247,0,1,4,16.0,19.0,0,306.0
392217,2009-01-01,De Beers Diamond Oval,264,17,238,238,0,1,3,9.0,25.0,1,253.0
392218,2009-01-01,St George's Park,277,21,255,255,0,2,3,7.0,19.0,1,264.0
392219,2009-01-01,New Wanderers Stadium,227,21,234,234,0,0,4,6.0,19.0,3,202.0
392220,2009-01-01,De Beers Diamond Oval,273,6,241,241,0,0,3,9.0,18.0,1,223.0
392221,2009-01-01,SuperSport Park,331,18,248,248,0,2,4,12.0,32.0,0,359.0
392222,2009-01-01,SuperSport Park,217,24,234,234,0,1,3,7.0,22.0,2,203.0
392223,2009-01-01,Kingsmead,314,20,249,249,0,1,5,13.0,29.0,4,323.0
392224,2009-01-01,Kingsmead,249,12,240,240,0,1,3,7.0,23.0,3,216.0
392225,2009-01-01,Kingsmead,263,25,251,251,0,1,4,5.0,26.0,2,229.0
392226,2009-01-01,OUTsurance Oval,220,23,249,249,0,0,2,5.0,18.0,1,170.0
392227,2009-01-01,St George's Park,267,31,242,242,0,2,4,10.0,19.0,1,276.0
392228,2009-01-01,New Wanderers Stadium,312,14,248,248,0,0,6,12.0,25.0,0,331.0
392229,2009-01-01,New Wanderers Stadium,255,12,250,250,0,1,2,7.0,22.0,4,221.0
392230,2009-01-01,OUTsurance Oval,268,18,251,251,0,1,3,3.0,24.0,2,248.0
392231,2009-01-01,SuperSport Park,352,25,250,250,0,3,5,14.0,33.0,0,409.0
392232,2009-01-01,New Wanderers Stadium,263,6,239,239,0,1,3,6.0,16.0,2,247.0
392233,2009-01-01,Kingsmead,193,10,242,242,0,0,1,5.0,16.0,2,123.0
392234,2009-01-01,Kingsmead,195,13,245,245,0,0,1,3.0,16.0,0,95.0
392235,2009-01-01,SuperSport Park,298,33,241,241,0,2,4,8.0,35.0,2,305.0
392236,2009-01-01,SuperSport Park,313,15,247,247,1,2,2,12.0,23.0,0,328.0
392237,2009-01-01,SuperSport Park,291,16,237,237,0,2,3,10.0,28.0,5,309.0
392238,2009-01-01,New Wanderers Stadium,284,11,238,238,0,0,3,8.0,27.0,0,261.0
392239,2009-01-01,New Wanderers Stadium,262,18,247,247,0,1,3,9.0,19.0,2,219.0
419106,2010-01-01,Dr DY Patil Sports Academy,284,27,254,254,0,3,3,12.0,22.0,3,288.0
419107,2010-01-01,Brabourne Stadium,399,21,254,254,1,3,4,17.0,41.0,1,450.0
419108,2010-01-01,Punjab Cricket Association Stadium,268,20,246,246,0,2,3,3.0,30.0,3,242.0
419109,2010-01-01,Eden Gardens,260,11,243,243,0,3,3,5.0,27.0,1,253.0
419110,2010-01-01,MA Chidambaram Stadium,330,19,254,254,0,1,5,18.0,25.0,1,345.0
419111,2010-01-01,Narendra Modi Stadium,269,14,232,232,0,2,2,9.0,26.0,2,273.0
419112,2010-01-01,M Chinnaswamy Stadium,384,23,248,248,0,4,5,20.0,35.0,0,475.0
419113,2010-01-01,Eden Gardens,262,11,240,240,0,1,3,4.0,30.0,1,240.0
419114,2010-01-01,Arun Jaitley Stadium,310,28,230,230,0,2,3,11.0,33.0,1,319.0
419115,2010-01-01,M Chinnaswamy Stadium,171,14,195,195,0,0,2,3.0,19.0,3,138.0
419116,2010-01-01,Arun Jaitley Stadium,355,20,248,248,0,2,4,16.0,38.0,1,401.0
419117,2010-01-01,Barabati Stadium,321,13,243,243,0,2,4,12.0,31.0,3,324.0
419118,2010-01-01,Narendra Modi Stadium,289,13,244,244,0,0,5,4.0,32.0,2,267.0
419119,2010-01-01,Brabourne Stadium,290,16,239,239,0,1,2,7.0,31.0,0,267.0
419120,2010-01-01,Barabati Stadium,326,6,242,242,0,1,5,15.0,28.0,2,330.0
419121,2010-01-01,MA Chidambaram Stadium,274,17,259,259,0,1,4,10.0,24.0,2,254.0
419122,2010-01-01,Brabourne Stadium,292,19,241,241,0,2,5,3.0,36.0,0,322.0
419123,2010-01-01,M Chinnaswamy Stadium,281,25,250,250,0,1,3,11.0,28.0,1,271.0
419124,2010-01-01,Punjab Cricket Association Stadium,319,16,246,246,0,0,4,7.0,34.0,2,307.0
419125,2010-01-01,Brabourne Stadium,333,28,250,250,0,4,4,9.0,34.0,0,373.0
419126,2010-01-01,Narendra Modi Stadium,277,22,224,224,0,1,3,15.0,19.0,0,274.0
419127,2010-01-01,Punjab Cricket Association Stadium,303,24,255,255,0,2,3,6.0,33.0,1,296.0
419128,2010-01-01,M Chinnaswamy Stadium,325,24,252,252,0,1,5,8.0,30.0,1,307.0
419129,2010-01-01,Narendra Modi Stadium,328,9,245,245,0,1,3,13.0,26.0,0,316.0
419130,2010-01-01,Dr DY Patil Sports Academy,282,21,239,239,0,1,3,9.0,33.0,1,249.0
419131,2010-01-01,Arun Jaitley Stadium,299,15,250,250,1,2,3,10.0,26.0,4,321.0
419132,2010-01-01,Brabourne Stadium,289,38,251,251,0,2,3,5.0,28.0,0,253.0
419133,2010-01-01,MA Chidambaram Stadium,308,15,241,241,0,2,4,13.0,25.0,0,325.0
419134,2010-01-01,Arun Jaitley Stadium,293,16,233,233,0,1,2,12.0,26.0,3,287.0
419135,2010-01-01,Eden Gardens,317,21,251,251,0,2,4,9.0,35.0,0,336.0
419136,2010-01-01,Punjab Cricket Association Stadium,344,21,242,242,0,1,5,7.0,37.0,0,369.0
419137,2010-01-01,MA Chidambaram Stadium,448,21,247,247,1,4,6,30.0,39.0,1,587.0
419138,2010-01-01,Brabourne Stadium,279,14,238,238,0,1,3,6.0,24.0,1,249.0
419139,2010-01-01,Eden Gardens,386,18,239,239,1,2,6,18.0,37.0,0,491.0
419140,2010-01-01,Arun Jaitley Stadium,321,10,244,244,0,2,4,17.0,23.0,0,308.0
419141,2010-01-01,Vidarbha Cricket Association Stadium,294,22,249,249,0,2,4,9.0,29.0,1,263.0
419142,2010-01-01,MA Chidambaram Stadium,274,32,257,257,0,0,5,5.0,25.0,0,239.0
419143,2010-01-01,Sawai Mansingh Stadium,292,18,223,223,0,1,3,9.0,33.0,0,309.0
419144,2010-01-01,Eden Gardens,332,16,250,250,0,2,5,10.0,33.0,1,347.0
419145,2010-01-01,M Chinnaswamy Stadium,347,23,251,251,0,4,5,16.0,32.0,0,403.0
419146,2010-01-01,Punjab Cricket Association Stadium,304,8,240,240,0,1,5,5.0,35.0,2,313.0
419147,2010-01-01,Vidarbha Cricket Association Stadium,261,16,244,244,0,2,2,9.0,17.0,0,230.0
419148,2010-01-01,M Chinnaswamy Stadium,300,22,232,232,0,2,5,15.0,26.0,3,332.0
419149,2010-01-01,Arun Jaitley Stadium,199,24,239,239,0,0,2,2.0,19.0,2,148.0
419150,2010-01-01,Sawai Mansingh Stadium,291,20,251,251,0,1,3,8.0,27.0,2,272.0
419151,2010-01-01,Vidarbha Cricket Association Stadium,267,22,249,249,0,1,4,8.0,20.0,4,229.0
419152,2010-01-01,Brabourne Stadium,309,18,247,247,0,0,5,9.0,25.0,0,300.0
419153,2010-01-01,MA Chidambaram Stadium,247,35,212,212,0,2,3,10.0,24.0,4,275.0
419154,2010-01-01,Sawai Mansingh Stadium,253,9,217,217,0,1,2,5.0,32.0,2,235.0
419155,2010-01-01,MA Chidambaram Stadium,204,21,242,242,0,1,2,1.0,18.0,2,152.0
419156,2010-01-01,Himachal Pradesh Cricket Association Stadium,331,21,247,247,0,3,4,11.0,40.0,1,383.0
419157,2010-01-01,M Chinnaswamy Stadium,305,20,248,248,0,0,4,13.0,24.0,1,285.0
419158,2010-01-01,Eden Gardens,255,10,225,225,0,1,3,5.0,31.0,1,242.0
419159,2010-01-01,Himachal Pradesh Cricket Association Stadium,372,15,246,246,0,3,6,15.0,41.0,0,443.0
419160,2010-01-01,Arun Jaitley Stadium,271,8,244,244,0,2,2,10.0,22.0,0,241.0
419161,2010-01-01,Eden Gardens,246,22,233,233,0,1,3,5.0,25.0,1,233.0
419162,2010-01-01,Dr DY Patil Sports Academy,310,23,255,255,0,1,4,10.0,26.0,0,284.0
419163,2010-01-01,Dr DY Patil Sports Academy,222,24,241,241,0,0,2,6.0,20.0,2,162.0
419164,2010-01-01,Dr DY Patil Sports Academy,161,7,198,198,0,0,2,4.0,17.0,4,132.0
419165,2010-01-01,Dr DY Patil Sports Academy,291,23,249,249,0,1,2,13.0,23.0,2,268.0
501198,2011-01-01,MA Chidambaram Stadium,293,11,244,244,0,2,3,7.0,28.0,1,283.0
501199,2011-01-01,Rajiv Gandhi International Stadium,269,9,237,237,0,1,1,8.0,25.0,1,242.0
501200,2011-01-01,Nehru Stadium,299,24,245,245,0,1,4,12.0,25.0,1,304.0
501201,2011-01-01,Arun Jaitley Stadium,179,15,218,218,0,0,1,3.0,17.0,5,136.0
501202,2011-01-01,Dr DY Patil Sports Academy,211,14,207,207,0,1,3,5.0,26.0,2,197.0
501203,2011-01-01,Eden Gardens,298,19,247,247,0,1,3,8.0,33.0,0,289.0
501204,2011-01-01,Sawai Mansingh Stadium,282,21,238,238,0,2,4,12.0,27.0,1,297.0
501205,2011-01-01,M Chinnaswamy Stadium,265,18,237,237,0,3,4,5.0,30.0,2,299.0
501206,2011-01-01,Punjab Cricket Association Stadium,375,6,238,238,1,3,4,10.0,43.0,3,470.0
501207,2011-01-01,Dr DY Patil Sports Academy,277,22,246,246,0,0,4,10.0,24.0,3,253.0
501208,2011-01-01,Rajiv Gandhi International Stadium,302,15,250,250,0,2,4,9.0,29.0,4,301.0
501209,2011-01-01,Sawai Mansingh Stadium,296,23,242,242,0,2,4,8.0,28.0,0,324.0
501210,2011-01-01,Wankhede Stadium,338,28,247,247,1,4,4,11.0,39.0,0,427.0
501211,2011-01-01,MA Chidambaram Stadium,332,13,246,246,0,2,4,10.0,33.0,1,343.0
501212,2011-01-01,Rajiv Gandhi International Stadium,312,19,235,235,0,2,5,11.0,32.0,2,332.0
501213,2011-01-01,Dr DY Patil Sports Academy,359,18,247,247,0,2,5,20.0,29.0,0,398.0
501214,2011-01-01,Eden Gardens,150,16,185,185,0,0,2,2.0,13.0,4,101.0
501215,2011-01-01,Nehru Stadium,260,6,196,196,0,1,3,10.0,27.0,0,273.0
501216,2011-01-01,Arun Jaitley Stadium,302,18,244,244,0,2,4,8.0,32.0,1,314.0
501218,2011-01-01,Wankhede Stadium,220,22,230,230,0,0,3,3.0,23.0,3,177.0
501219,2011-01-01,Eden Gardens,239,19,245,245,0,0,1,8.0,18.0,0,163.0
501220,2011-01-01,Punjab Cricket Association Stadium,323,19,249,249,0,1,4,9.0,35.0,1,302.0
501221,2011-01-01,Wankhede Stadium,296,24,257,257,0,2,4,11.0,29.0,5,303.0
501222,2011-01-01,Eden Gardens,328,18,242,242,1,1,6,12.0,34.0,0,398.0
501223,2011-01-01,Arun Jaitley Stadium,412,21,249,249,0,3,4,23.0,41.0,0,485.0
501224,2011-01-01,Rajiv Gandhi International Stadium,290,17,245,245,0,1,4,6.0,32.0,1,266.0
501225,2011-01-01,Sawai Mansingh Stadium,209,11,209,209,0,0,3,3.0,20.0,1,173.0
501226,2011-01-01,MA Chidambaram Stadium,248,11,246,246,0,1,3,6.0,16.0,2,196.0
501227,2011-01-01,Arun Jaitley Stadium,290,31,251,251,0,2,2,10.0,30.0,3,286.0
501228,2011-01-01,Dr DY Patil Sports Academy,273,13,247,247,0,2,5,11.0,20.0,1,283.0
501229,2011-01-01,Nehru Stadium,189,14,228,228,0,1,2,1.0,22.0,9,145.0
501230,2011-01-01,Arun Jaitley Stadium,264,15,250,250,0,1,2,9.0,21.0,1,215.0
501231,2011-01-01,Sawai Mansingh Stadium,180,9,234,234,0,0,1,4.0,11.0,0,113.0
501232,2011-01-01,M Chinnaswamy Stadium,325,11,246,246,0,2,4,16.0,24.0,0,353.0
501233,2011-01-01,Nehru Stadium,252,24,239,239,0,1,2,10.0,21.0,3,219.0
501234,2011-01-01,Eden Gardens,221,18,233,233,0,0,3,2.0,24.0,1,199.0
501235,2011-01-01,Sawai Mansingh Stadium,271,16,241,241,0,0,3,8.0,24.0,1,243.0
501236,2011-01-01,MA Chidambaram Stadium,297,14,247,247,0,2,3,11.0,23.0,0,286.0
501237,2011-01-01,Wankhede Stadium,278,17,242,242,0,3,4,6.0,29.0,1,273.0
501238,2011-01-01,Arun Jaitley Stadium,256,25,226,226,0,0,3,5.0,33.0,0,245.0
501239,2011-01-01,Rajiv Gandhi International Stadium,304,14,249,249,0,1,6,7.0,26.0,1,314.0
501240,2011-01-01,MA Chidambaram Stadium,285,11,238,238,0,3,4,2.0,30.0,0,293.0
501241,2011-01-01,Dr DY Patil Sports Academy,274,25,248,248,0,1,3,13.0,21.0,4,267.0
501242,2011-01-01,Nehru Stadium,286,9,247,247,0,2,4,6.0,28.0,1,284.0
501243,2011-01-01,Rajiv Gandhi International Stadium,334,20,247,247,1,2,3,11.0,35.0,1,379.0
501244,2011-01-01,M Chinnaswamy Stadium,314,11,246,246,1,1,1,12.0,34.0,3,328.0
501245,2011-01-01,Eden Gardens,165,10,186,186,0,1,2,2.0,13.0,0,144.0
501246,2011-01-01,Wankhede Stadium,309,15,250,250,0,2,5,6.0,41.0,2,304.0
501247,2011-01-01,M Chinnaswamy Stadium,238,15,211,211,0,1,2,6.0,26.0,0,220.0
501248,2011-01-01,Punjab Cricket Association Stadium,223,16,229,229,0,0,3,3.0,26.0,1,175.0
501249,2011-01-01,Sawai Mansingh Stadium,316,13,246,246,0,2,5,7.0,30.0,1,316.0
501250,2011-01-01,Rajiv Gandhi International Stadium,269,4,234,234,0,0,5,7.0,28.0,2,255.0
501251,2011-01-01,Punjab Cricket Association Stadium,223,27,204,204,0,0,2,5.0,25.0,2,160.0
501252,2011-01-01,Sawai Mansingh Stadium,282,15,229,229,0,1,5,8.0,30.0,0,296.0
501253,2011-01-01,MA Chidambaram Stadium,316,18,246,246,0,2,5,14.0,26.0,0,340.0
501254,2011-01-01,Holkar Cricket Stadium,328,31,247,247,0,2,4,17.0,29.0,1,361.0
501255,2011-01-01,M Chinnaswamy Stadium,181,13,159,159,0,0,2,5.0,20.0,0,147.0
501256,2011-01-01,Wankhede Stadium,235,25,249,249,0,0,1,8.0,17.0,1,192.0
501257,2011-01-01,Himachal Pradesh Cricket Association Stadium,290,21,251,251,0,1,2,12.0,33.0,1,265.0
501258,2011-01-01,Holkar Cricket Stadium,183,12,161,161,0,0,2,11.0,18.0,2,167.0
501259,2011-01-01,Dr DY Patil Sports Academy,262,12,243,243,0,0,2,11.0,20.0,2,224.0
501260,2011-01-01,Himachal Pradesh Cricket Association Stadium,317,36,232,232,1,2,3,19.0,29.0,2,364.0
501261,2011-01-01,MA Chidambaram Stadium,280,13,249,249,0,1,4,9.0,20.0,0,258.0
501262,2011-01-01,Dr DY Patil Sports Academy,220,17,227,227,0,1,1,3.0,22.0,0,188.0
501263,2011-01-01,Wankhede Stadium,260,7,203,203,0,2,4,7.0,28.0,0,292.0
501264,2011-01-01,Himachal Pradesh Cricket Association Stadium,294,20,239,239,0,3,3,8.0,31.0,3,305.0
501265,2011-01-01,Arun Jaitley Stadium,51,5,63,63,0,0,0,2.0,3.0,1,38.0
501266,2011-01-01,M Chinnaswamy Stadium,237,20,242,242,0,2,3,13.0,17.0,2,244.0
501267,2011-01-01,Eden Gardens,331,22,248,248,0,1,6,10.0,36.0,0,347.0
501268,2011-01-01,Wankhede Stadium,330,22,249,249,0,2,4,17.0,27.0,1,361.0
501269,2011-01-01,Wankhede Stadium,285,10,241,241,0,2,3,6.0,33.0,1,278.0
501270,2011-01-01,MA Chidambaram Stadium,309,18,251,251,0,1,3,12.0,26.0,1,299.0
501271,2011-01-01,MA Chidambaram Stadium,337,15,244,244,0,2,4,17.0,18.0,2,351.0
548306,2012-01-01,MA Chidambaram Stadium,209,18,230,230,0,1,2,6.0,15.0,1,160.0
548307,2012-01-01,Eden Gardens,185,12,142,142,0,0,2,9.0,14.0,2,167.0
548308,2012-01-01,Wankhede Stadium,217,13,247,247,0,0,4,3.0,19.0,4,154.0
548309,2012-01-01,Sawai Mansingh Stadium,326,25,249,249,0,1,2,7.0,37.0,1,301.0
548310,2012-01-01,M Chinnaswamy Stadium,284,10,244,244,0,1,3,7.0,27.0,2,245.0
548311,2012-01-01,Dr. Y.S. Rajasekhara Reddy ACA-VDCA Cricket Stadium,297,15,233,233,0,0,3,16.0,21.0,1,270.0
548312,2012-01-01,Sawai Mansingh Stadium,296,10,248,248,0,1,3,11.0,23.0,3,277.0
548313,2012-01-01,Subrata Roy Sahara Stadium,287,23,248,248,0,0,3,12.0,21.0,1,264.0
548314,2012-01-01,Dr. Y.S. Rajasekhara Reddy ACA-VDCA Cricket Stadium,271,9,243,243,0,1,4,16.0,14.0,1,261.0
548315,2012-01-01,M Chinnaswamy Stadium,272,16,249,249,0,1,2,9.0,23.0,0,221.0
548316,2012-01-01,Arun Jaitley Stadium,214,7,204,204,0,0,2,6.0,18.0,0,174.0
548317,2012-01-01,Wankhede Stadium,357,10,241,241,0,2,4,22.0,26.0,3,387.0
548318,2012-01-01,MA Chidambaram Stadium,392,21,254,254,0,3,5,23.0,29.0,2,447.0
548319,2012-01-01,Punjab Cricket Association Stadium,219,12,225,225,0,1,2,3.0,24.0,2,183.0
548320,2012-01-01,Eden Gardens,246,22,246,246,0,0,2,5.0,24.0,0,210.0
548321,2012-01-01,Arun Jaitley Stadium,309,10,245,245,1,1,3,12.0,27.0,0,294.0
548322,2012-01-01,Subrata Roy Sahara Stadium,300,11,243,243,0,1,4,9.0,25.0,0,307.0
548323,2012-01-01,Eden Gardens,250,16,243,243,0,0,3,7.0,17.0,3,197.0
548324,2012-01-01,M Chinnaswamy Stadium,322,9,241,241,1,2,3,15.0,29.0,1,357.0
548325,2012-01-01,Wankhede Stadium,165,20,215,215,0,0,2,2.0,17.0,2,106.0
548326,2012-01-01,Sawai Mansingh Stadium,374,19,249,249,0,2,6,13.0,40.0,0,432.0
548327,2012-01-01,M Chinnaswamy Stadium,354,14,247,247,0,2,6,21.0,23.0,0,393.0
548328,2012-01-01,Punjab Cricket Association Stadium,243,8,222,222,0,1,4,4.0,21.0,0,224.0
548329,2012-01-01,Rajiv Gandhi International Stadium,362,18,225,225,1,4,4,19.0,36.0,0,470.0
548330,2012-01-01,MA Chidambaram Stadium,298,17,245,245,0,2,2,7.0,26.0,1,294.0
548331,2012-01-01,Punjab Cricket Association Stadium,313,16,248,248,0,2,4,7.0,29.0,0,310.0
548332,2012-01-01,MA Chidambaram Stadium,277,16,244,244,0,2,3,7.0,24.0,0,283.0
548333,2012-01-01,Arun Jaitley Stadium,344,20,252,252,0,2,5,16.0,31.0,0,383.0
548334,2012-01-01,Wankhede Stadium,315,12,246,246,0,2,4,8.0,31.0,0,316.0
548335,2012-01-01,Barabati Stadium,241,12,242,242,0,1,3,3.0,21.0,0,198.0
548336,2012-01-01,Sawai Mansingh Stadium,303,29,249,249,0,3,3,7.0,32.0,0,313.0
548337,2012-01-01,Subrata Roy Sahara Stadium,282,12,218,218,0,3,3,8.0,27.0,1,323.0
548339,2012-01-01,Punjab Cricket Association Stadium,320,19,249,249,0,2,5,13.0,25.0,1,351.0
548341,2012-01-01,Subrata Roy Sahara Stadium,316,20,248,248,0,1,1,17.0,20.0,0,304.0
548342,2012-01-01,Arun Jaitley Stadium,364,13,249,249,0,4,5,15.0,39.0,3,419.0
548343,2012-01-01,MA Chidambaram Stadium,294,11,248,248,0,1,3,9.0,25.0,1,259.0
548344,2012-01-01,Eden Gardens,323,10,247,247,0,2,4,16.0,30.0,2,359.0
548345,2012-01-01,Arun Jaitley Stadium,291,12,247,247,0,2,3,6.0,30.0,0,295.0
548346,2012-01-01,Wankhede Stadium,186,15,232,232,0,0,1,3.0,15.0,3,115.0
548347,2012-01-01,MA Chidambaram Stadium,260,19,250,250,0,1,3,4.0,18.0,0,234.0
548348,2012-01-01,Barabati Stadium,342,17,246,246,0,2,5,11.0,32.0,2,374.0
548349,2012-01-01,Sawai Mansingh Stadium,271,14,216,216,0,2,4,4.0,34.0,1,277.0
548350,2012-01-01,M Chinnaswamy Stadium,311,10,244,244,0,2,5,14.0,25.0,0,316.0
548351,2012-01-01,Subrata Roy Sahara Stadium,222,17,249,249,0,0,2,3.0,22.0,2,158.0
548352,2012-01-01,MA Chidambaram Stadium,298,12,245,245,0,1,5,7.0,23.0,0,279.0
548353,2012-01-01,Eden Gardens,264,29,255,255,0,1,4,8.0,20.0,1,232.0
548354,2012-01-01,Punjab Cricket Association Stadium,293,18,251,251,0,0,5,9.0,31.0,1,276.0
548355,2012-01-01,Wankhede Stadium,335,12,248,248,0,2,5,13.0,34.0,5,355.0
548356,2012-01-01,M Chinnaswamy Stadium,354,12,240,240,0,2,5,18.0,32.0,0,422.0
548357,2012-01-01,Arun Jaitley Stadium,277,30,242,242,0,1,5,5.0,27.0,1,262.0
548358,2012-01-01,Subrata Roy Sahara Stadium,241,10,221,221,0,1,2,6.0,18.0,1,219.0
548359,2012-01-01,Rajiv Gandhi International Stadium,296,19,246,246,0,1,2,9.0,27.0,0,261.0
548360,2012-01-01,Wankhede Stadium,271,12,233,233,0,1,3,11.0,21.0,1,272.0
548361,2012-01-01,Sawai Mansingh Stadium,228,25,243,243,0,0,1,7.0,23.0,1,189.0
548362,2012-01-01,Subrata Roy Sahara Stadium,298,13,246,246,0,2,5,11.0,27.0,2,307.0
548363,2012-01-01,Eden Gardens,328,9,245,245,1,3,4,11.0,33.0,1,401.0
548364,2012-01-01,MA Chidambaram Stadium,221,8,218,218,0,0,3,7.0,15.0,0,208.0
548365,2012-01-01,Sawai Mansingh Stadium,288,7,244,244,0,2,3,4.0,30.0,1,268.0
548366,2012-01-01,Punjab Cricket Association Stadium,367,17,245,245,0,3,4,13.0,35.0,0,414.0
548367,2012-01-01,M Chinnaswamy Stadium,319,25,256,256,0,3,4,15.0,28.0,1,343.0
548368,2012-01-01,Eden Gardens,310,8,242,242,0,2,4,14.0,26.0,0,312.0
548369,2012-01-01,Arun Jaitley Stadium,270,6,236,236,0,1,3,4.0,37.0,1,249.0
548370,2012-01-01,Wankhede Stadium,230,18,245,245,0,0,1,6.0,21.0,2,161.0
548371,2012-01-01,Himachal Pradesh Cricket Association Stadium,234,9,222,222,0,1,2,8.0,27.0,1,213.0
548372,2012-01-01,Arun Jaitley Stadium,398,11,248,248,1,3,5,22.0,36.0,1,482.0
548373,2012-01-01,Rajiv Gandhi International Stadium,238,16,243,243,0,0,2,5.0,20.0,1,196.0
548374,2012-01-01,Himachal Pradesh Cricket Association Stadium,269,17,236,236,0,1,3,11.0,31.0,1,268.0
548375,2012-01-01,Subrata Roy Sahara Stadium,221,17,246,246,0,0,2,4.0,13.0,0,154.0
548376,2012-01-01,Rajiv Gandhi International Stadium,242,13,247,247,0,1,3,11.0,14.0,3,208.0
548377,2012-01-01,Sawai Mansingh Stadium,293,32,250,250,0,2,4,9.0,29.0,0,324.0
548378,2012-01-01,Subrata Roy Sahara Stadium,288,18,246,246,0,0,5,9.0,28.0,1,286.0
548379,2012-01-01,M Chinnaswamy Stadium,320,16,249,249,0,1,5,11.0,37.0,1,321.0
548380,2012-01-01,MA Chidambaram Stadium,341,17,229,229,1,2,3,16.0,31.0,3,382.0
548381,2012-01-01,MA Chidambaram Stadium,367,15,248,248,0,4,5,14.0,31.0,0,430.0
597998,2013-01-01,Eden Gardens,246,11,239,239,0,1,2,3.0,29.0,2,209.0
597999,2013-01-01,M Chinnaswamy Stadium,286,24,247,247,0,2,2,11.0,29.0,2,297.0
598000,2013-01-01,Rajiv Gandhi International Stadium,225,5,237,237,0,0,1,3.0,18.0,2,159.0
598001,2013-01-01,Arun Jaitley Stadium,305,20,248,248,0,2,3,8.0,27.0,1,290.0
598002,2013-01-01,MA Chidambaram Stadium,271,16,252,252,0,2,3,11.0,21.0,2,248.0
598003,2013-01-01,Subrata Roy Sahara Stadium,193,6,198,198,0,0,2,2.0,24.0,1,149.0
598004,2013-01-01,Rajiv Gandhi International Stadium,270,25,261,261,0,1,3,5.0,19.0,1,227.0
598005,2013-01-01,Sawai Mansingh Stadium,249,20,242,242,0,1,3,6.0,25.0,3,210.0
598006,2013-01-01,Wankhede Stadium,354,20,248,248,0,3,4,15.0,36.0,3,382.0
598007,2013-01-01,Punjab Cricket Association Stadium,266,11,227,227,0,2,4,4.0,29.0,1,261.0
598008,2013-01-01,M Chinnaswamy Stadium,296,16,237,237,0,2,3,14.0,28.0,0,302.0
598009,2013-01-01,Subrata Roy Sahara Stadium,280,13,239,239,0,2,4,9.0,28.0,1,296.0
598010,2013-01-01,Arun Jaitley Stadium,219,10,243,243,0,0,1,4.0,20.0,3,167.0
598011,2013-01-01,Wankhede Stadium,317,8,247,247,0,1,4,13.0,28.0,1,315.0
598012,2013-01-01,MA Chidambaram Stadium,315,16,253,253,0,2,6,8.0,26.0,1,335.0
598013,2013-01-01,Eden Gardens,292,20,247,247,0,1,5,7.0,29.0,0,285.0
598014,2013-01-01,Sawai Mansingh Stadium,231,19,235,235,0,0,3,2.0,29.0,3,192.0
598015,2013-01-01,MA Chidambaram Stadium,284,10,244,244,0,1,3,8.0,26.0,2,264.0
598016,2013-01-01,Punjab Cricket Association Stadium,292,18,248,248,0,1,4,5.0,33.0,3,263.0
598017,2013-01-01,M Chinnaswamy Stadium,321,9,258,258,0,2,3,10.0,30.0,1,325.0
598018,2013-01-01,Maharashtra Cricket Association Stadium,222,5,239,239,0,0,2,3.0,20.0,5,162.0
598019,2013-01-01,Sawai Mansingh Stadium,249,22,241,241,0,1,4,5.0,25.0,1,216.0
598020,2013-01-01,Arun Jaitley Stadium,239,13,234,234,0,1,4,4.0,24.0,0,205.0
598021,2013-01-01,Rajiv Gandhi International Stadium,237,13,236,236,0,0,1,7.0,19.0,2,186.0
598022,2013-01-01,Eden Gardens,233,10,237,237,0,0,2,8.0,19.0,0,192.0
598023,2013-01-01,M Chinnaswamy Stadium,224,16,232,232,0,0,3,4.0,26.0,1,178.0
598024,2013-01-01,Arun Jaitley Stadium,319,7,228,228,0,4,4,11.0,33.0,0,374.0
598025,2013-01-01,Punjab Cricket Association Stadium,360,11,244,244,0,3,6,11.0,36.0,1,416.0
598026,2013-01-01,MA Chidambaram Stadium,354,17,248,248,1,3,4,11.0,30.0,1,388.0
598027,2013-01-01,M Chinnaswamy Stadium,381,15,251,251,1,1,4,24.0,36.0,3,433.0
598028,2013-01-01,Himachal Pradesh Cricket Association Stadium,313,22,244,244,0,0,6,14.0,33.0,1,336.0
598029,2013-01-01,Eden Gardens,311,10,241,241,0,1,6,13.0,24.0,0,321.0
598030,2013-01-01,MA Chidambaram Stadium,305,14,246,246,0,2,4,10.0,32.0,1,315.0
598031,2013-01-01,Eden Gardens,282,17,233,233,0,1,4,11.0,29.0,3,291.0
598032,2013-01-01,Sawai Mansingh Stadium,277,13,237,237,0,2,3,7.0,34.0,1,291.0
598033,2013-01-01,Wankhede Stadium,310,20,247,247,0,1,3,11.0,30.0,1,308.0
598034,2013-01-01,MA Chidambaram Stadium,363,23,249,249,0,2,5,11.0,40.0,0,407.0
598035,2013-01-01,Shaheed Veer Narayan Singh International Stadium,293,20,251,251,0,1,4,9.0,30.0,0,305.0
598036,2013-01-01,Sawai Mansingh Stadium,329,15,246,246,0,1,5,10.0,31.0,0,336.0
598037,2013-01-01,Wankhede Stadium,323,21,251,251,0,2,4,18.0,25.0,2,340.0
598038,2013-01-01,Subrata Roy Sahara Stadium,281,10,245,245,0,1,4,9.0,22.0,2,263.0
598039,2013-01-01,Rajiv Gandhi International Stadium,249,10,236,236,0,1,3,3.0,27.0,1,240.0
598040,2013-01-01,Shaheed Veer Narayan Singh International Stadium,264,9,233,233,0,1,2,8.0,27.0,0,257.0
598041,2013-01-01,MA Chidambaram Stadium,351,6,242,242,1,3,4,13.0,32.0,3,411.0
598042,2013-01-01,Subrata Roy Sahara Stadium,339,18,247,247,0,3,4,17.0,26.0,1,359.0
598043,2013-01-01,Eden Gardens,248,17,234,234,0,0,4,7.0,21.0,0,233.0
598044,2013-01-01,Rajiv Gandhi International Stadium,152,9,203,203,0,0,0,2.0,12.0,2,74.0
598045,2013-01-01,M Chinnaswamy Stadium,335,15,239,239,0,4,4,14.0,36.0,1,409.0
598046,2013-01-01,Wankhede Stadium,205,13,220,220,0,0,1,7.0,17.0,3,150.0
598047,2013-01-01,Sawai Mansingh Stadium,346,14,249,249,0,3,6,10.0,40.0,0,388.0
598048,2013-01-01,M Chinnaswamy Stadium,313,10,235,235,0,2,3,14.0,27.0,0,324.0
598049,2013-01-01,Sawai Mansingh Stadium,291,18,237,237,0,3,4,4.0,34.0,0,325.0
598050,2013-01-01,Wankhede Stadium,255,20,236,236,0,0,3,8.0,28.0,2,223.0
598051,2013-01-01,Rajiv Gandhi International Stadium,355,14,252,252,0,2,4,16.0,32.0,0,391.0
598052,2013-01-01,Punjab Cricket Association Stadium,277,15,240,240,0,2,5,7.0,24.0,1,283.0
598053,2013-01-01,Subrata Roy Sahara Stadium,243,15,244,244,0,1,4,6.0,19.0,0,190.0
598054,2013-01-01,Arun Jaitley Stadium,346,16,249,249,0,1,4,9.0,42.0,0,376.0
598055,2013-01-01,Subrata Roy Sahara Stadium,220,8,237,237,0,0,2,6.0,16.0,2,174.0
598056,2013-01-01,Punjab Cricket Association Stadium,258,12,243,243,0,1,3,8.0,24.0,6,222.0
598057,2013-01-01,JSCA International Stadium Complex,223,8,241,241,0,0,2,3.0,18.0,3,159.0
598058,2013-01-01,Sawai Mansingh Stadium,276,9,227,227,0,2,4,9.0,27.0,2,301.0
598059,2013-01-01,Arun Jaitley Stadium,228,13,226,226,0,0,2,3.0,25.0,1,187.0
598060,2013-01-01,Wankhede Stadium,348,14,248,248,0,2,6,16.0,31.0,0,403.0
598061,2013-01-01,JSCA International Stadium Complex,317,16,244,244,0,2,5,13.0,26.0,1,337.0
598062,2013-01-01,MA Chidambaram Stadium,284,19,248,248,0,1,3,9.0,19.0,2,247.0
598063,2013-01-01,Wankhede Stadium,295,23,248,248,0,1,3,10.0,30.0,0,269.0
598064,2013-01-01,Punjab Cricket Association Stadium,363,21,238,238,1,3,4,14.0,39.0,0,444.0
598065,2013-01-01,Rajiv Gandhi International Stadium,228,21,245,245,0,1,1,6.0,14.0,3,170.0
598066,2013-01-01,Himachal Pradesh Cricket Association Stadium,300,16,242,242,0,2,2,10.0,34.0,4,298.0
598067,2013-01-01,Subrata Roy Sahara Stadium,285,21,250,250,0,1,4,10.0,26.0,1,269.0
598068,2013-01-01,M Chinnaswamy Stadium,181,7,100,100,0,1,2,13.0,16.0,1,213.0
598069,2013-01-01,Rajiv Gandhi International Stadium,239,23,240,240,0,0,3,7.0,20.0,0,195.0
598070,2013-01-01,Arun Jaitley Stadium,330,6,234,234,0,3,3,14.0,27.0,3,367.0
598071,2013-01-01,Arun Jaitley Stadium,257,10,242,242,0,1,3,10.0,23.0,1,234.0
598072,2013-01-01,Eden Gardens,310,24,248,248,0,1,4,7.0,37.0,1,317.0
598073,2013-01-01,Eden Gardens,259,14,250,250,0,2,3,9.0,26.0,7,233.0
729279,2014-01-01,Sheikh Zayed Stadium,272,13,245,245,0,2,3,7.0,21.0,2,259.0
729281,2014-01-01,Sharjah Cricket Stadium,277,14,230,230,0,2,5,13.0,20.0,1,309.0
729283,2014-01-01,Sheikh Zayed Stadium,391,20,246,246,0,4,4,15.0,41.0,0,474.0
729285,2014-01-01,Sheikh Zayed Stadium,248,20,244,244,0,1,4,3.0,20.0,0,214.0
729287,2014-01-01,Dubai International Cricket Stadium,217,14,230,230,0,1,3,1.0,20.0,3,175.0
729289,2014-01-01,Dubai International Cricket Stadium,308,25,249,249,0,3,5,8.0,29.0,3,337.0
729291,2014-01-01,Sharjah Cricket Stadium,369,15,239,239,0,4,5,22.0,28.0,0,439.0
729293,2014-01-01,Sheikh Zayed Stadium,253,8,219,219,0,1,2,5.0,21.0,1,214.0
729295,2014-01-01,Sharjah Cricket Stadium,297,17,245,245,0,1,3,17.0,20.0,0,275.0
729297,2014-01-01,Dubai International Cricket Stadium,258,15,248,248,0,1,2,9.0,17.0,0,207.0
729299,2014-01-01,Sharjah Cricket Stadium,283,15,247,247,0,0,5,7.0,25.0,2,266.0
729301,2014-01-01,Dubai International Cricket Stadium,353,11,245,245,0,3,5,14.0,34.0,0,417.0
729303,2014-01-01,Dubai International Cricket Stadium,275,8,237,237,0,2,3,11.0,21.0,1,278.0
729305,2014-01-01,Sheikh Zayed Stadium,134,7,171,171,0,0,0,3.0,12.0,3,74.0
729307,2014-01-01,Sheikh Zayed Stadium,226,15,237,237,0,0,2,3.0,22.0,3,148.0
729309,2014-01-01,Sharjah Cricket Stadium,231,20,238,238,0,0,2,5.0,20.0,0,191.0
729311,2014-01-01,Sharjah Cricket Stadium,271,20,240,240,0,1,3,12.0,18.0,2,263.0
729313,2014-01-01,Dubai International Cricket Stadium,229,22,240,240,0,0,2,4.0,21.0,1,180.0
729315,2014-01-01,Sheikh Zayed Stadium,309,17,262,262,0,1,5,4.0,30.0,4,307.0
729317,2014-01-01,Dubai International Cricket Stadium,302,27,251,251,0,2,4,11.0,25.0,0,297.0
733971,2014-01-01,JSCA International Stadium Complex,252,10,206,206,0,1,4,11.0,21.0,1,239.0
733973,2014-01-01,Wankhede Stadium,319,19,243,243,0,1,5,15.0,31.0,1,340.0
733975,2014-01-01,Arun Jaitley Stadium,300,8,235,235,0,1,4,11.0,26.0,0,312.0
733977,2014-01-01,M Chinnaswamy Stadium,298,15,250,250,0,2,3,17.0,23.0,1,303.0
733979,2014-01-01,Narendra Modi Stadium,313,17,249,249,0,2,6,11.0,24.0,3,321.0
733981,2014-01-01,Arun Jaitley Stadium,337,22,244,244,0,2,5,18.0,32.0,2,389.0
733983,2014-01-01,Wankhede Stadium,320,35,252,252,0,1,5,16.0,29.0,0,325.0
733985,2014-01-01,Arun Jaitley Stadium,301,20,233,233,0,1,4,9.0,27.0,0,310.0
733987,2014-01-01,Barabati Stadium,404,14,248,248,0,2,7,17.0,43.0,0,483.0
733989,2014-01-01,Narendra Modi Stadium,214,22,246,246,0,0,1,1.0,21.0,4,125.0
733991,2014-01-01,M Chinnaswamy Stadium,343,21,255,255,0,2,3,16.0,32.0,1,349.0
733993,2014-01-01,Arun Jaitley Stadium,171,16,151,151,0,0,2,7.0,12.0,0,145.0
733995,2014-01-01,Wankhede Stadium,301,16,246,246,0,2,4,14.0,23.0,1,316.0
733997,2014-01-01,Barabati Stadium,290,9,233,233,0,2,4,3.0,35.0,1,295.0
733999,2014-01-01,M Chinnaswamy Stadium,367,14,243,243,0,3,5,20.0,34.0,0,425.0
734001,2014-01-01,Rajiv Gandhi International Stadium,308,9,239,239,0,4,4,11.0,31.0,0,367.0
734003,2014-01-01,JSCA International Stadium Complex,277,20,246,246,0,1,4,12.0,19.0,0,266.0
734005,2014-01-01,M Chinnaswamy Stadium,337,19,249,249,0,1,6,20.0,22.0,0,359.0
734007,2014-01-01,Rajiv Gandhi International Stadium,397,19,242,242,0,2,7,24.0,33.0,1,490.0
734009,2014-01-01,Barabati Stadium,271,12,241,241,0,2,3,7.0,25.0,0,266.0
734011,2014-01-01,Narendra Modi Stadium,316,24,251,251,0,2,4,15.0,25.0,1,317.0
734013,2014-01-01,JSCA International Stadium Complex,261,19,245,245,0,1,2,12.0,18.0,0,253.0
734015,2014-01-01,Rajiv Gandhi International Stadium,277,11,244,244,0,0,4,9.0,26.0,0,259.0
734017,2014-01-01,Narendra Modi Stadium,317,14,250,250,0,2,6,17.0,19.0,0,338.0
734019,2014-01-01,Arun Jaitley Stadium,309,20,253,253,0,1,4,11.0,29.0,1,298.0
734021,2014-01-01,Rajiv Gandhi International Stadium,307,14,244,244,0,3,3,14.0,24.0,0,335.0
734023,2014-01-01,Eden Gardens,303,7,232,232,0,2,3,12.0,27.0,0,334.0
734025,2014-01-01,Punjab Cricket Association Stadium,297,18,243,243,1,1,4,10.0,28.0,1,299.0
734027,2014-01-01,Eden Gardens,343,17,247,247,0,2,4,11.0,34.0,0,359.0
734029,2014-01-01,JSCA International Stadium Complex,361,13,242,242,0,4,5,17.0,32.0,1,441.0
734031,2014-01-01,Wankhede Stadium,316,15,243,243,0,1,6,9.0,33.0,1,307.0
734033,2014-01-01,Punjab Cricket Association Stadium,321,21,247,247,0,0,4,14.0,25.0,1,316.0
734035,2014-01-01,M Chinnaswamy Stadium,303,11,231,231,0,2,4,13.0,23.0,0,324.0
734037,2014-01-01,Eden Gardens,295,26,214,214,0,1,2,16.0,33.0,1,308.0
734039,2014-01-01,Punjab Cricket Association Stadium,212,22,200,200,0,1,3,4.0,25.0,4,191.0
734041,2014-01-01,Wankhede Stadium,372,12,215,215,0,3,4,21.0,36.0,0,460.0
734043,2014-01-01,Eden Gardens,286,12,245,245,0,0,2,15.0,21.0,0,249.0
734045,2014-01-01,Brabourne Stadium,338,11,238,238,0,2,5,17.0,29.0,1,369.0
734047,2014-01-01,Wankhede Stadium,401,27,257,257,1,2,5,23.0,36.0,1,461.0
734049,2014-01-01,M Chinnaswamy Stadium,385,14,245,245,1,3,4,21.0,32.0,1,453.0
829705,2015-01-01,Eden Gardens,331,7,235,235,0,3,5,18.0,29.0,1,390.0
829707,2015-01-01,MA Chidambaram Stadium,280,19,248,248,0,1,4,5.0,28.0,0,240.0
829709,2015-01-01,Maharashtra Cricket Association Stadium,268,30,255,255,0,0,4,10.0,24.0,4,248.0
829711,2015-01-01,MA Chidambaram Stadium,347,26,252,252,1,3,3,21.0,24.0,1,397.0
829713,2015-01-01,Eden Gardens,342,14,238,238,0,2,4,15.0,35.0,1,377.0
829715,2015-01-01,Arun Jaitley Stadium,355,15,252,252,0,1,5,18.0,27.0,0,392.0
829717,2015-01-01,Wankhede Stadium,322,14,248,248,0,2,5,13.0,35.0,1,351.0
829719,2015-01-01,M Chinnaswamy Stadium,306,32,237,237,0,2,5,14.0,29.0,1,331.0
829721,2015-01-01,Narendra Modi Stadium,320,9,240,240,0,3,4,11.0,32.0,2,356.0
829723,2015-01-01,Eden Gardens,304,30,246,246,0,2,4,12.0,30.0,2,320.0
829725,2015-01-01,Maharashtra Cricket Association Stadium,315,19,253,253,0,2,4,15.0,24.0,0,335.0
829727,2015-01-01,Dr. Y.S. Rajasekhara Reddy ACA-VDCA Cricket Stadium,245,13,249,249,0,1,1,4.0,26.0,0,213.0
829729,2015-01-01,Wankhede Stadium,354,18,235,235,0,3,5,19.0,35.0,2,425.0
829731,2015-01-01,Dr. Y.S. Rajasekhara Reddy ACA-VDCA Cricket Stadium,317,13,247,247,0,2,3,17.0,19.0,0,320.0
829733,2015-01-01,Maharashtra Cricket Association Stadium,299,15,231,231,0,2,3,11.0,31.0,3,308.0
829735,2015-01-01,Narendra Modi Stadium,306,7,234,234,0,3,5,9.0,30.0,0,344.0
829737,2015-01-01,M Chinnaswamy Stadium,367,33,262,262,0,2,5,18.0,43.0,3,416.0
829739,2015-01-01,Arun Jaitley Stadium,273,20,238,238,0,1,4,7.0,31.0,1,262.0
829741,2015-01-01,Narendra Modi Stadium,385,18,258,258,0,3,4,18.0,32.0,0,445.0
829743,2015-01-01,Dr. Y.S. Rajasekhara Reddy ACA-VDCA Cricket Stadium,270,7,196,196,0,2,4,12.0,21.0,1,291.0
829745,2015-01-01,M Chinnaswamy Stadium,319,16,244,244,0,2,4,17.0,29.0,2,320.0
829747,2015-01-01,Arun Jaitley Stadium,324,19,255,255,0,2,4,17.0,26.0,2,334.0
829749,2015-01-01,Narendra Modi Stadium,255,9,220,220,0,1,3,7.0,20.0,0,225.0
829751,2015-01-01,Wankhede Stadium,279,15,252,252,0,1,3,5.0,30.0,4,235.0
829753,2015-01-01,MA Chidambaram Stadium,267,20,248,248,0,1,3,9.0,24.0,0,239.0
829757,2015-01-01,Arun Jaitley Stadium,184,10,181,181,0,1,3,5.0,20.0,2,164.0
829759,2015-01-01,Punjab Cricket Association Stadium,272,8,245,245,0,1,3,5.0,24.0,2,226.0
829761,2015-01-01,Eden Gardens,310,19,250,250,0,0,3,13.0,30.0,1,298.0
829763,2015-01-01,M Chinnaswamy Stadium,184,16,128,128,0,1,2,5.0,25.0,0,205.0
829765,2015-01-01,MA Chidambaram Stadium,249,17,250,250,0,0,2,6.0,24.0,4,213.0
829767,2015-01-01,Arun Jaitley Stadium,221,16,212,212,0,2,3,7.0,20.0,0,211.0
829769,2015-01-01,Wankhede Stadium,345,21,253,253,0,2,3,11.0,33.0,0,344.0
829771,2015-01-01,M Chinnaswamy Stadium,214,12,127,127,0,0,3,14.0,17.0,1,239.0
829773,2015-01-01,Rajiv Gandhi International Stadium,350,12,248,248,0,1,4,11.0,39.0,0,363.0
829775,2015-01-01,Punjab Cricket Association Stadium,304,17,245,245,0,2,4,7.0,27.0,1,315.0
829777,2015-01-01,Brabourne Stadium,341,23,255,255,0,3,3,13.0,33.0,0,370.0
829779,2015-01-01,MA Chidambaram Stadium,265,7,244,244,0,1,2,6.0,27.0,4,228.0
829781,2015-01-01,Eden Gardens,288,11,245,245,0,0,6,9.0,24.0,1,256.0
829783,2015-01-01,Wankhede Stadium,292,13,244,244,0,1,3,13.0,24.0,2,280.0
829785,2015-01-01,M Chinnaswamy Stadium,294,20,212,212,1,1,4,21.0,22.0,1,330.0
829787,2015-01-01,Brabourne Stadium,373,22,247,247,0,3,5,17.0,39.0,0,424.0
829789,2015-01-01,MA Chidambaram Stadium,309,8,239,239,0,0,5,13.0,24.0,0,331.0
829791,2015-01-01,Eden Gardens,351,16,246,246,0,1,4,19.0,31.0,1,370.0
829793,2015-01-01,Shaheed Veer Narayan Singh International Stadium,312,8,244,244,0,3,3,10.0,28.0,1,334.0
829795,2015-01-01,Wankhede Stadium,420,11,248,248,1,3,4,20.0,41.0,0,515.0
829797,2015-01-01,MA Chidambaram Stadium,288,14,247,247,0,1,1,8.0,25.0,2,253.0
829799,2015-01-01,Rajiv Gandhi International Stadium,353,12,248,248,0,2,2,21.0,27.0,0,380.0
829801,2015-01-01,Shaheed Veer Narayan Singh International Stadium,232,7,220,220,0,1,2,6.0,25.0,0,201.0
829803,2015-01-01,Punjab Cricket Association Stadium,178,12,126,126,0,0,1,7.0,14.0,0,144.0
829805,2015-01-01,Wankhede Stadium,319,18,256,256,0,2,5,7.0,37.0,0,334.0
829807,2015-01-01,Rajiv Gandhi International Stadium,210,8,106,106,0,2,4,12.0,18.0,1,252.0
829809,2015-01-01,Punjab Cricket Association Stadium,249,15,229,229,0,1,3,7.0,23.0,0,228.0
829811,2015-01-01,Brabourne Stadium,353,36,259,259,1,1,4,11.0,41.0,2,362.0
829813,2015-01-01,M Chinnaswamy Stadium,183,6,130,130,0,2,2,9.0,14.0,1,195.0
829815,2015-01-01,Rajiv Gandhi International Stadium,213,14,212,212,0,1,2,4.0,21.0,2,194.0
829817,2015-01-01,Wankhede Stadium,332,17,248,248,0,1,4,19.0,22.0,3,332.0
829819,2015-01-01,Maharashtra Cricket Association Stadium,274,15,242,242,0,2,3,8.0,26.0,2,262.0
829821,2015-01-01,JSCA International Stadium Complex,265,14,247,247,0,1,3,8.0,20.0,3,231.0
829823,2015-01-01,Eden Gardens,350,13,246,246,0,3,5,18.0,32.0,2,392.0
980901,2016-01-01,Wankhede Stadium,229,18,218,218,0,1,3,11.0,20.0,1,223.0
980903,2016-01-01,Eden Gardens,174,23,200,200,0,0,2,3.0,23.0,1,137.0
980905,2016-01-01,Punjab Cricket Association Stadium,310,13,233,233,0,1,5,6.0,36.0,1,318.0
980907,2016-01-01,M Chinnaswamy Stadium,391,18,250,250,0,3,5,23.0,35.0,1,466.0
980909,2016-01-01,Eden Gardens,355,20,246,246,0,3,5,17.0,28.0,0,413.0
980911,2016-01-01,Saurashtra Cricket Association Stadium,310,17,233,233,0,2,4,12.0,27.0,1,337.0
980913,2016-01-01,Arun Jaitley Stadium,210,14,207,207,0,1,3,5.0,23.0,1,183.0
980915,2016-01-01,Rajiv Gandhi International Stadium,275,13,240,240,0,2,4,7.0,25.0,1,272.0
980917,2016-01-01,Wankhede Stadium,269,21,251,251,0,1,2,8.0,25.0,1,234.0
980919,2016-01-01,Punjab Cricket Association Stadium,292,13,237,237,0,3,5,4.0,33.0,0,299.0
980921,2016-01-01,M Chinnaswamy Stadium,360,23,243,243,1,4,5,11.0,41.0,2,439.0
980923,2016-01-01,Rajiv Gandhi International Stadium,274,13,234,234,0,2,3,10.0,20.0,0,270.0
980925,2016-01-01,Punjab Cricket Association Stadium,264,15,231,231,0,2,3,2.0,28.0,0,246.0
980927,2016-01-01,Wankhede Stadium,324,17,237,237,0,1,5,15.0,28.0,0,338.0
980929,2016-01-01,Saurashtra Cricket Association Stadium,257,15,217,217,0,3,3,1.0,25.0,1,258.0
980931,2016-01-01,Maharashtra Cricket Association Stadium,338,19,254,254,0,3,5,10.0,30.0,3,378.0
980933,2016-01-01,Arun Jaitley Stadium,303,15,251,251,0,2,4,9.0,27.0,1,300.0
980935,2016-01-01,Rajiv Gandhi International Stadium,279,10,235,235,0,1,4,10.0,23.0,1,272.0
980937,2016-01-01,Saurashtra Cricket Association Stadium,345,17,246,246,1,3,5,9.0,33.0,0,402.0
980939,2016-01-01,Maharashtra Cricket Association Stadium,306,16,244,244,0,2,4,15.0,19.0,1,319.0
980941,2016-01-01,Punjab Cricket Association Stadium,343,10,247,247,0,3,5,12.0,29.0,2,382.0
980943,2016-01-01,Rajiv Gandhi International Stadium,191,21,196,196,0,1,3,5.0,17.0,3,184.0
980945,2016-01-01,Arun Jaitley Stadium,337,6,242,242,0,3,4,16.0,25.0,0,356.0
980947,2016-01-01,Wankhede Stadium,346,6,233,233,0,3,5,12.0,35.0,0,389.0
980949,2016-01-01,Maharashtra Cricket Association Stadium,377,14,252,252,1,3,7,10.0,37.0,2,444.0
980951,2016-01-01,Arun Jaitley Stadium,322,23,240,240,0,3,4,10.0,30.0,4,320.0
980953,2016-01-01,Rajiv Gandhi International Stadium,365,8,246,246,0,3,5,14.0,33.0,0,404.0
980955,2016-01-01,Saurashtra Cricket Association Stadium,277,8,245,245,0,1,4,3.0,26.0,4,229.0
980957,2016-01-01,Maharashtra Cricket Association Stadium,306,14,240,240,0,2,3,11.0,25.0,0,321.0
980959,2016-01-01,M Chinnaswamy Stadium,351,23,248,248,0,3,6,16.0,31.0,0,402.0
980961,2016-01-01,Saurashtra Cricket Association Stadium,290,9,229,229,0,2,4,6.0,30.0,0,304.0
980963,2016-01-01,Eden Gardens,304,17,247,247,0,3,3,11.0,25.0,3,315.0
980965,2016-01-01,Arun Jaitley Stadium,309,19,248,248,0,1,4,12.0,22.0,0,307.0
980967,2016-01-01,Rajiv Gandhi International Stadium,244,11,242,242,0,1,2,5.0,21.0,1,217.0
980969,2016-01-01,M Chinnaswamy Stadium,373,13,244,244,1,3,5,18.0,34.0,1,465.0
980971,2016-01-01,Punjab Cricket Association Stadium,336,17,245,245,0,3,4,10.0,28.0,0,352.0
980973,2016-01-01,Dr. Y.S. Rajasekhara Reddy ACA-VDCA Cricket Stadium,258,11,226,226,0,1,3,5.0,30.0,1,226.0
980975,2016-01-01,Eden Gardens,311,11,232,232,0,3,3,12.0,33.0,1,348.0
980977,2016-01-01,Punjab Cricket Association Stadium,340,9,246,246,0,2,5,5.0,34.0,1,358.0
980979,2016-01-01,Dr. Y.S. Rajasekhara Reddy ACA-VDCA Cricket Stadium,262,8,244,244,0,0,4,11.0,18.0,2,230.0
980981,2016-01-01,M Chinnaswamy Stadium,287,17,244,244,0,1,3,17.0,17.0,0,298.0
980983,2016-01-01,Rajiv Gandhi International Stadium,282,14,237,237,0,0,5,9.0,26.0,1,260.0
980985,2016-01-01,Dr. Y.S. Rajasekhara Reddy ACA-VDCA Cricket Stadium,232,19,228,228,0,2,2,10.0,17.0,4,213.0
980987,2016-01-01,M Chinnaswamy Stadium,336,16,242,242,2,2,3,22.0,26.0,2,396.0
980989,2016-01-01,Eden Gardens,153,16,142,142,0,0,2,5.0,13.0,2,132.0
980991,2016-01-01,Punjab Cricket Association Stadium,347,12,243,243,0,2,4,10.0,38.0,0,389.0
980993,2016-01-01,Dr. Y.S. Rajasekhara Reddy ACA-VDCA Cricket Stadium,322,10,237,237,0,1,4,19.0,24.0,0,324.0
980995,2016-01-01,Eden Gardens,354,15,239,239,0,4,6,16.0,31.0,0,425.0
980997,2016-01-01,Dr. Y.S. Rajasekhara Reddy ACA-VDCA Cricket Stadium,188,9,193,193,0,0,3,3.0,21.0,0,167.0
980999,2016-01-01,M Chinnaswamy Stadium,317,14,186,186,1,2,2,20.0,31.0,3,374.0
981001,2016-01-01,Green Park,225,24,214,214,0,1,2,8.0,21.0,1,186.0
981003,2016-01-01,Shaheed Veer Narayan Singh International Stadium,302,17,247,247,0,2,3,6.0,29.0,0,293.0
981005,2016-01-01,Dr. Y.S. Rajasekhara Reddy ACA-VDCA Cricket Stadium,333,12,250,250,0,3,5,16.0,27.0,0,352.0
981007,2016-01-01,Green Park,331,14,236,236,0,2,6,12.0,41.0,1,362.0
981009,2016-01-01,Eden Gardens,305,15,247,247,0,2,3,11.0,22.0,0,281.0
981011,2016-01-01,Shaheed Veer Narayan Singh International Stadium,261,16,236,236,0,2,3,5.0,22.0,0,231.0
981013,2016-01-01,M Chinnaswamy Stadium,290,27,240,240,0,2,3,15.0,24.0,3,294.0
981015,2016-01-01,Arun Jaitley Stadium,287,15,244,244,0,0,3,10.0,22.0,1,243.0
981017,2016-01-01,Arun Jaitley Stadium,318,7,242,242,0,2,3,10.0,37.0,1,323.0
981019,2016-01-01,M Chinnaswamy Stadium,385,23,250,250,0,3,5,23.0,32.0,0,435.0
1082591,2017-01-01,Rajiv Gandhi International Stadium,366,13,248,248,0,2,6,17.0,32.0,1,404.0
1082592,2017-01-01,Maharashtra Cricket Association Stadium,359,12,247,247,0,2,5,17.0,30.0,0,399.0
1082593,2017-01-01,Saurashtra Cricket Association Stadium,348,19,218,218,0,3,5,14.0,38.0,0,434.0
1082594,2017-01-01,Holkar Cricket Stadium,311,16,247,247,0,1,4,16.0,22.0,1,333.0
1082595,2017-01-01,M Chinnaswamy Stadium,288,11,248,248,0,2,2,12.0,24.0,2,260.0
1082596,2017-01-01,Rajiv Gandhi International Stadium,269,6,216,216,0,2,5,7.0,23.0,0,270.0
1082597,2017-01-01,Wankhede Stadium,337,21,254,254,0,2,4,15.0,29.0,0,344.0
1082598,2017-01-01,Holkar Cricket Stadium,288,10,212,212,0,2,4,20.0,17.0,0,329.0
1082599,2017-01-01,Maharashtra Cricket Association Stadium,300,13,226,226,1,1,3,14.0,24.0,2,306.0
1082600,2017-01-01,Wankhede Stadium,302,15,239,239,0,0,5,9.0,34.0,0,284.0
1082601,2017-01-01,Eden Gardens,314,27,234,234,0,1,2,11.0,38.0,1,328.0
1082602,2017-01-01,M Chinnaswamy Stadium,263,24,243,243,0,2,3,11.0,14.0,3,255.0
1082603,2017-01-01,Saurashtra Cricket Association Stadium,333,10,236,236,0,0,7,13.0,35.0,2,346.0
1082604,2017-01-01,Eden Gardens,309,18,250,250,0,1,2,12.0,29.0,1,298.0
1082605,2017-01-01,Arun Jaitley Stadium,313,12,248,248,0,1,3,8.0,34.0,2,295.0
1082606,2017-01-01,Wankhede Stadium,329,24,251,251,0,2,5,14.0,23.0,2,358.0
1082607,2017-01-01,M Chinnaswamy Stadium,274,21,250,250,0,0,2,9.0,24.0,3,228.0
1082608,2017-01-01,Arun Jaitley Stadium,323,14,245,245,0,2,4,9.0,32.0,1,319.0
1082609,2017-01-01,Rajiv Gandhi International Stadium,292,21,249,249,0,2,3,11.0,22.0,3,274.0
1082610,2017-01-01,Saurashtra Cricket Association Stadium,393,12,249,249,0,3,6,25.0,29.0,1,476.0
1082611,2017-01-01,Rajiv Gandhi International Stadium,356,11,245,245,0,3,6,13.0,33.0,1,413.0
1082612,2017-01-01,Holkar Cricket Stadium,377,20,225,225,1,3,5,24.0,30.0,0,485.0
1082613,2017-01-01,Eden Gardens,367,8,232,232,0,2,6,12.0,43.0,0,420.0
1082614,2017-01-01,Wankhede Stadium,246,24,252,252,0,1,2,6.0,23.0,3,201.0
1082615,2017-01-01,Maharashtra Cricket Association Stadium,344,11,245,245,0,3,5,13.0,33.0,0,405.0
1082616,2017-01-01,Saurashtra Cricket Association Stadium,338,12,245,245,0,2,6,11.0,33.0,1,359.0
1082617,2017-01-01,Eden Gardens,165,15,183,183,0,0,1,2.0,22.0,4,85.0
1082618,2017-01-01,Wankhede Stadium,307,10,245,245,0,1,4,8.0,33.0,0,290.0
1082620,2017-01-01,Maharashtra Cricket Association Stadium,346,20,239,239,0,3,5,13.0,33.0,0,407.0
1082621,2017-01-01,M Chinnaswamy Stadium,249,20,212,212,0,1,4,11.0,22.0,1,237.0
1082622,2017-01-01,Eden Gardens,304,17,221,221,0,3,4,8.0,34.0,0,334.0
1082623,2017-01-01,Punjab Cricket Association Stadium,380,8,243,243,0,4,4,11.0,44.0,1,438.0
1082624,2017-01-01,Maharashtra Cricket Association Stadium,245,8,245,245,0,1,4,5.0,20.0,0,203.0
1082625,2017-01-01,Saurashtra Cricket Association Stadium,307,16,263,263,0,1,2,10.0,30.0,3,271.0
1082626,2017-01-01,Punjab Cricket Association Stadium,128,7,157,157,0,1,1,5.0,10.0,2,96.0
1082627,2017-01-01,Rajiv Gandhi International Stadium,357,13,247,247,1,2,4,14.0,29.0,0,408.0
1082628,2017-01-01,Wankhede Stadium,316,11,245,245,0,1,4,11.0,27.0,2,301.0
1082629,2017-01-01,Maharashtra Cricket Association Stadium,314,14,244,244,1,1,3,13.0,27.0,3,325.0
1082630,2017-01-01,Arun Jaitley Stadium,363,11,240,240,0,1,6,14.0,37.0,0,418.0
1082631,2017-01-01,Eden Gardens,300,13,238,238,0,1,4,16.0,27.0,1,297.0
1082632,2017-01-01,Arun Jaitley Stadium,405,17,234,234,0,4,4,31.0,24.0,0,491.0
1082633,2017-01-01,M Chinnaswamy Stadium,238,19,240,240,0,0,2,6.0,21.0,2,173.0
1082634,2017-01-01,Rajiv Gandhi International Stadium,275,9,246,246,0,0,5,11.0,16.0,3,249.0
1082635,2017-01-01,Arun Jaitley Stadium,256,22,211,211,0,2,2,14.0,20.0,3,256.0
1082636,2017-01-01,M Chinnaswamy Stadium,308,9,216,216,0,4,5,16.0,23.0,2,357.0
1082637,2017-01-01,Punjab Cricket Association Stadium,372,9,244,244,1,3,5,13.0,31.0,0,447.0
1082638,2017-01-01,Rajiv Gandhi International Stadium,264,14,238,238,0,2,3,5.0,23.0,0,247.0
1082639,2017-01-01,Punjab Cricket Association Stadium,304,16,248,248,0,1,3,9.0,27.0,1,289.0
1082640,2017-01-01,Green Park,378,14,243,243,0,2,5,10.0,51.0,0,431.0
1082641,2017-01-01,Wankhede Stadium,435,18,255,255,0,3,7,26.0,36.0,0,533.0
1082642,2017-01-01,Arun Jaitley Stadium,312,17,249,249,0,2,5,12.0,27.0,1,301.0
1082643,2017-01-01,Green Park,302,10,228,228,0,4,4,6.0,38.0,4,332.0
1082644,2017-01-01,Eden Gardens,312,25,250,250,0,2,3,12.0,33.0,3,331.0
1082645,2017-01-01,Maharashtra Cricket Association Stadium,147,4,171,171,0,0,1,4.0,10.0,2,99.0
1082646,2017-01-01,Arun Jaitley Stadium,296,16,249,249,0,1,4,13.0,24.0,2,288.0
1082647,2017-01-01,Wankhede Stadium,288,16,252,252,0,3,4,15.0,16.0,2,292.0
1082648,2017-01-01,M Chinnaswamy Stadium,165,11,157,157,0,0,2,8.0,11.0,2,136.0
1082649,2017-01-01,M Chinnaswamy Stadium,203,15,207,207,0,0,2,4.0,21.0,1,142.0
1082650,2017-01-01,Rajiv Gandhi International Stadium,240,17,248,248,0,1,3,7.0,17.0,1,211.0
1136561,2018-01-01,Wankhede Stadium,323,11,246,246,0,1,4,15.0,29.0,2,324.0
1136562,2018-01-01,Punjab Cricket Association Stadium,326,7,238,238,0,3,3,12.0,27.0,0,341.0
1136563,2018-01-01,Eden Gardens,334,19,244,244,0,1,7,19.0,29.0,0,365.0
1136564,2018-01-01,Rajiv Gandhi International Stadium,236,16,225,225,0,1,3,2.0,29.0,1,209.0
1136565,2018-01-01,MA Chidambaram Stadium,395,12,246,246,0,2,4,31.0,20.0,0,455.0
1136566,2018-01-01,Sawai Mansingh Stadium,207,6,146,146,0,0,2,8.0,18.0,0,195.0
1136567,2018-01-01,Rajiv Gandhi International Stadium,286,12,245,245,0,0,2,7.0,33.0,4,243.0
1136568,2018-01-01,M Chinnaswamy Stadium,304,10,237,237,0,1,4,11.0,28.0,4,286.0
1136569,2018-01-01,Wankhede Stadium,377,12,246,246,0,2,5,17.0,37.0,1,422.0
1136570,2018-01-01,Eden Gardens,265,12,242,242,0,1,2,7.0,26.0,0,237.0
1136571,2018-01-01,M Chinnaswamy Stadium,395,20,251,251,0,2,5,21.0,34.0,1,451.0
1136572,2018-01-01,Punjab Cricket Association Stadium,376,14,250,250,0,2,5,17.0,34.0,1,406.0
1136573,2018-01-01,Eden Gardens,315,14,213,213,0,1,6,20.0,27.0,2,326.0
1136574,2018-01-01,Wankhede Stadium,356,24,251,251,0,3,3,20.0,30.0,4,388.0
1136575,2018-01-01,Sawai Mansingh Stadium,315,8,239,239,0,0,6,10.0,30.0,2,331.0
1136576,2018-01-01,Punjab Cricket Association Stadium,350,21,253,253,1,3,4,19.0,21.0,1,409.0
1136577,2018-01-01,Maharashtra Cricket Association Stadium,330,14,245,245,1,1,3,9.0,35.0,1,327.0
1136578,2018-01-01,Eden Gardens,306,11,197,197,0,3,5,13.0,35.0,0,351.0
1136579,2018-01-01,M Chinnaswamy Stadium,334,16,234,234,0,3,4,19.0,27.0,0,385.0
1136580,2018-01-01,Rajiv Gandhi International Stadium,354,6,246,246,0,3,4,20.0,28.0,2,410.0
1136581,2018-01-01,Sawai Mansingh Stadium,324,11,248,248,0,3,5,10.0,27.0,5,345.0
1136582,2018-01-01,Arun Jaitley Stadium,259,23,251,251,0,1,2,5.0,23.0,2,214.0
1136583,2018-01-01,Wankhede Stadium,191,14,230,230,0,0,1,2.0,23.0,4,106.0
1136584,2018-01-01,M Chinnaswamy Stadium,393,19,251,251,0,4,5,33.0,18.0,2,471.0
1136585,2018-01-01,Rajiv Gandhi International Stadium,241,10,239,239,0,1,2,6.0,20.0,1,209.0
1136586,2018-01-01,Arun Jaitley Stadium,375,8,246,246,0,2,5,25.0,27.0,2,424.0
1136587,2018-01-01,Maharashtra Cricket Association Stadium,322,17,247,247,0,2,5,15.0,26.0,1,358.0
1136588,2018-01-01,Sawai Mansingh Stadium,289,2,240,240,0,2,4,4.0,24.0,1,261.0
1136589,2018-01-01,M Chinnaswamy Stadium,333,18,246,246,0,2,4,15.0,30.0,2,367.0
1136590,2018-01-01,Maharashtra Cricket Association Stadium,394,15,250,250,0,4,6,25.0,29.0,0,469.0
1136591,2018-01-01,M Chinnaswamy Stadium,291,29,253,253,0,1,4,14.0,23.0,2,284.0
1136592,2018-01-01,Arun Jaitley Stadium,331,11,184,184,0,3,5,25.0,25.0,1,412.0
1136593,2018-01-01,Eden Gardens,338,19,236,236,0,1,6,14.0,37.0,0,387.0
1136594,2018-01-01,Holkar Cricket Stadium,334,16,241,241,0,2,3,22.0,23.0,0,375.0
1136595,2018-01-01,Maharashtra Cricket Association Stadium,244,11,233,233,0,1,4,11.0,19.0,0,213.0
1136596,2018-01-01,Rajiv Gandhi International Stadium,318,9,246,246,0,1,5,13.0,20.0,0,338.0
1136597,2018-01-01,Wankhede Stadium,334,15,246,246,0,2,6,12.0,39.0,0,359.0
1136598,2018-01-01,Holkar Cricket Stadium,296,11,236,236,0,2,3,7.0,29.0,1,275.0
1136599,2018-01-01,Rajiv Gandhi International Stadium,273,14,249,249,0,1,4,6.0,27.0,1,238.0
1136600,2018-01-01,Sawai Mansingh Stadium,291,10,244,244,0,2,2,6.0,26.0,3,263.0
1136601,2018-01-01,Eden Gardens,310,8,234,234,0,1,3,18.0,28.0,0,310.0
1136602,2018-01-01,Arun Jaitley Stadium,373,5,235,235,1,3,3,15.0,39.0,0,452.0
1136603,2018-01-01,Sawai Mansingh Stadium,338,15,252,252,0,2,4,10.0,32.0,0,350.0
1136604,2018-01-01,Holkar Cricket Stadium,447,12,251,251,0,3,6,31.0,36.0,1,543.0
1136605,2018-01-01,Arun Jaitley Stadium,350,18,245,245,0,3,5,19.0,28.0,0,400.0
1136606,2018-01-01,Maharashtra Cricket Association Stadium,345,14,245,245,1,4,4,17.0,30.0,0,413.0
1136607,2018-01-01,Wankhede Stadium,320,19,239,239,0,2,5,14.0,31.0,1,365.0
1136608,2018-01-01,Holkar Cricket Stadium,171,9,145,145,0,0,2,7.0,18.0,2,147.0
1136609,2018-01-01,Eden Gardens,283,4,224,224,0,0,3,9.0,32.0,0,261.0
1136610,2018-01-01,Wankhede Stadium,349,20,251,251,0,2,4,17.0,28.0,0,359.0
1136611,2018-01-01,M Chinnaswamy Stadium,413,9,245,245,0,4,6,24.0,36.0,0,499.0
1136612,2018-01-01,Arun Jaitley Stadium,279,11,246,246,0,1,4,16.0,16.0,0,273.0
1136613,2018-01-01,Sawai Mansingh Stadium,290,8,241,241,0,2,5,8.0,26.0,4,288.0
1136614,2018-01-01,Rajiv Gandhi International Stadium,327,18,249,249,0,2,5,14.0,28.0,2,349.0
1136615,2018-01-01,Arun Jaitley Stadium,318,19,247,247,0,1,4,16.0,23.0,1,317.0
1136616,2018-01-01,Maharashtra Cricket Association Stadium,292,20,247,247,0,2,4,15.0,20.0,4,300.0
1136617,2018-01-01,Wankhede Stadium,265,14,247,247,0,1,2,9.0,25.0,3,234.0
1136618,2018-01-01,Eden Gardens,302,11,247,247,0,2,4,13.0,24.0,1,316.0
1136619,2018-01-01,Eden Gardens,326,8,245,245,0,0,5,14.0,31.0,1,313.0
1136620,2018-01-01,Wankhede Stadium,345,14,241,241,1,1,4,19.0,29.0,0,398.0
1175356,2019-01-01,MA Chidambaram Stadium,132,9,214,214,0,0,0,2.0,9.0,3,67.0
1175357,2019-01-01,Eden Gardens,352,12,244,244,0,2,6,17.0,30.0,0,402.0
1175358,2019-01-01,Wankhede Stadium,374,15,246,246,0,2,5,17.0,42.0,1,406.0
1175359,2019-01-01,Sawai Mansingh Stadium,333,21,252,252,0,2,4,12.0,33.0,0,332.0
1175360,2019-01-01,Arun Jaitley Stadium,282,15,246,246,0,1,4,7.0,30.0,1,276.0
1175361,2019-01-01,Eden Gardens,397,11,249,249,0,4,6,24.0,33.0,0,486.0
1175362,2019-01-01,M Chinnaswamy Stadium,353,15,248,248,0,1,6,18.0,32.0,1,379.0
1175363,2019-01-01,Rajiv Gandhi International Stadium,388,11,243,243,1,3,5,15.0,37.0,0,473.0
1175364,2019-01-01,Punjab Cricket Association Stadium,338,15,243,243,0,2,6,10.0,35.0,1,383.0
1175365,2019-01-01,Arun Jaitley Stadium,375,12,259,259,0,3,4,15.0,39.0,0,424.0
1175366,2019-01-01,Rajiv Gandhi International Stadium,334,10,244,244,2,2,3,17.0,26.0,0,382.0
1175367,2019-01-01,MA Chidambaram Stadium,328,14,251,251,0,1,4,15.0,25.0,2,343.0
1175368,2019-01-01,Punjab Cricket Association Stadium,298,20,245,245,0,0,5,8.0,34.0,6,272.0
1175369,2019-01-01,Sawai Mansingh Stadium,307,15,246,246,0,2,5,6.0,35.0,0,336.0
1175370,2019-01-01,Wankhede Stadium,283,20,252,252,0,2,3,11.0,29.0,2,286.0
1175371,2019-01-01,Arun Jaitley Stadium,244,16,236,236,0,0,2,6.0,23.0,0,203.0
1175372,2019-01-01,M Chinnaswamy Stadium,393,18,246,246,0,2,6,19.0,35.0,1,462.0
1178393,2019-01-01,MA Chidambaram Stadium,289,9,249,249,0,3,4,10.0,20.0,2,305.0
1178394,2019-01-01,Rajiv Gandhi International Stadium,220,12,233,233,0,0,1,8.0,16.0,3,160.0
1178395,2019-01-01,M Chinnaswamy Stadium,284,17,244,244,0,1,3,10.0,26.0,3,260.0
1178396,2019-01-01,Sawai Mansingh Stadium,257,22,211,211,0,2,4,10.0,26.0,0,287.0
1178397,2019-01-01,Punjab Cricket Association Stadium,292,9,242,242,0,3,3,7.0,23.0,0,305.0
1178398,2019-01-01,MA Chidambaram Stadium,207,12,231,231,0,1,2,6.0,19.0,4,180.0
1178399,2019-01-01,Wankhede Stadium,376,19,252,252,1,3,3,24.0,28.0,0,432.0
1178400,2019-01-01,Sawai Mansingh Stadium,290,16,246,246,0,2,2,10.0,21.0,1,281.0
1178401,2019-01-01,Eden Gardens,350,8,239,239,0,2,4,15.0,33.0,1,389.0
1178402,2019-01-01,Wankhede Stadium,367,8,242,242,0,2,5,18.0,33.0,1,416.0
1178403,2019-01-01,Punjab Cricket Association Stadium,339,8,242,242,0,3,3,10.0,36.0,0,383.0
1178404,2019-01-01,Eden Gardens,312,11,245,245,0,2,3,10.0,34.0,1,320.0
1178405,2019-01-01,Rajiv Gandhi International Stadium,257,14,241,241,0,1,4,6.0,22.0,2,209.0
1178406,2019-01-01,Wankhede Stadium,329,14,241,241,0,2,4,20.0,27.0,3,368.0
1178407,2019-01-01,Punjab Cricket Association Stadium,330,22,248,248,0,2,5,16.0,19.0,4,355.0
1178408,2019-01-01,Rajiv Gandhi International Stadium,259,10,227,227,0,2,4,6.0,25.0,1,266.0
1178409,2019-01-01,Arun Jaitley Stadium,282,14,247,247,0,0,5,10.0,22.0,0,260.0
1178410,2019-01-01,Eden Gardens,394,22,253,253,1,4,4,26.0,35.0,0,509.0
1178411,2019-01-01,Sawai Mansingh Stadium,308,15,239,239,0,2,5,9.0,30.0,2,328.0
1178412,2019-01-01,Arun Jaitley Stadium,313,16,248,248,0,3,4,11.0,31.0,1,326.0
1178413,2019-01-01,Rajiv Gandhi International Stadium,309,11,218,218,0,3,4,17.0,21.0,1,354.0
1178414,2019-01-01,M Chinnaswamy Stadium,305,16,245,245,0,2,2,15.0,23.0,1,296.0
1178415,2019-01-01,Sawai Mansingh Stadium,378,6,241,241,1,4,5,11.0,42.0,1,460.0
1178416,2019-01-01,MA Chidambaram Stadium,338,13,244,244,0,3,4,14.0,28.0,1,384.0
1178417,2019-01-01,M Chinnaswamy Stadium,372,15,249,249,0,1,6,21.0,34.0,1,418.0
1178418,2019-01-01,Eden Gardens,337,15,244,244,0,1,3,19.0,32.0,2,351.0
1178419,2019-01-01,MA Chidambaram Stadium,253,11,235,235,0,1,3,9.0,20.0,2,229.0
1178420,2019-01-01,Sawai Mansingh Stadium,307,14,241,241,0,1,5,6.0,27.0,1,300.0
1178421,2019-01-01,Arun Jaitley Stadium,348,10,242,242,0,2,4,17.0,29.0,0,377.0
1178422,2019-01-01,Eden Gardens,417,13,246,246,0,4,4,29.0,35.0,1,514.0
1178423,2019-01-01,Rajiv Gandhi International Stadium,352,27,257,257,0,2,3,16.0,26.0,2,362.0
1178424,2019-01-01,M Chinnaswamy Stadium,98,5,51,51,0,0,0,7.0,9.0,2,93.0
1178425,2019-01-01,MA Chidambaram Stadium,271,7,223,223,0,1,4,10.0,26.0,2,259.0
1178426,2019-01-01,Wankhede Stadium,330,11,251,251,0,2,3,13.0,31.0,0,343.0
1178427,2019-01-01,Punjab Cricket Association Stadium,358,10,234,234,0,2,5,17.0,31.0,2,413.0
1178428,2019-01-01,Arun Jaitley Stadium,222,14,224,224,0,2,2,11.0,13.0,1,189.0
1178429,2019-01-01,M Chinnaswamy Stadium,340,13,246,246,0,3,4,17.0,30.0,2,368.0
1178430,2019-01-01,Punjab Cricket Association Stadium,327,16,234,234,0,3,4,16.0,30.0,1,367.0
1178431,2019-01-01,Wankhede Stadium,254,13,228,228,0,1,5,15.0,17.0,1,279.0
1181764,2019-01-01,MA Chidambaram Stadium,250,13,237,237,0,1,3,5.0,25.0,1,243.0
1181766,2019-01-01,Dr. Y.S. Rajasekhara Reddy ACA-VDCA Cricket Stadium,311,16,252,252,0,1,4,16.0,26.0,2,311.0
1181767,2019-01-01,Dr. Y.S. Rajasekhara Reddy ACA-VDCA Cricket Stadium,279,19,239,239,0,2,3,9.0,27.0,1,272.0
1181768,2019-01-01,Rajiv Gandhi International Stadium,285,12,247,247,0,1,2,15.0,20.0,2,263.0
1216492,2020-01-01,Sheikh Zayed Stadium,319,9,244,244,0,2,4,9.0,31.0,2,312.0
1216493,2020-01-01,Dubai International Cricket Stadium,301,18,256,256,0,2,4,12.0,25.0,2,300.0
1216494,2020-01-01,Sheikh Zayed Stadium,161,8,205,205,0,0,1,2.0,17.0,1,112.0
1216495,2020-01-01,Sharjah Cricket Stadium,291,9,227,227,0,2,5,10.0,27.0,1,312.0
1216496,2020-01-01,Sharjah Cricket Stadium,402,14,252,252,0,3,4,33.0,18.0,1,464.0
1216497,2020-01-01,Sheikh Zayed Stadium,316,13,250,250,0,2,3,9.0,35.0,1,323.0
1216498,2020-01-01,Dubai International Cricket Stadium,229,11,248,248,0,0,2,4.0,19.0,4,172.0
1216499,2020-01-01,Sheikh Zayed Stadium,319,11,244,244,0,2,3,10.0,36.0,0,331.0
1216500,2020-01-01,Sharjah Cricket Stadium,298,24,253,253,0,0,4,17.0,19.0,1,263.0
1216501,2020-01-01,Sheikh Zayed Stadium,310,14,248,248,0,2,3,8.0,32.0,2,310.0
1216502,2020-01-01,Sharjah Cricket Stadium,224,17,214,214,0,0,2,8.0,17.0,1,185.0
1216503,2020-01-01,Sheikh Zayed Stadium,321,13,250,250,0,1,4,13.0,27.0,2,322.0
1216504,2020-01-01,Dubai International Cricket Stadium,293,18,249,249,0,1,3,16.0,16.0,0,247.0
1216505,2020-01-01,Sheikh Zayed Stadium,296,10,240,240,0,3,4,6.0,26.0,2,298.0
1216506,2020-01-01,Sheikh Zayed Stadium,291,16,237,237,0,2,4,8.0,24.0,0,309.0
1216507,2020-01-01,Dubai International Cricket Stadium,312,9,244,244,0,1,4,15.0,18.0,0,318.0
1216508,2020-01-01,Sheikh Zayed Stadium,322,19,254,254,0,1,4,16.0,26.0,0,308.0
1216509,2020-01-01,Sharjah Cricket Stadium,356,8,246,246,1,2,5,17.0,30.0,2,426.0
1216510,2020-01-01,Dubai International Cricket Stadium,295,20,233,233,1,1,2,10.0,31.0,2,302.0
1216511,2020-01-01,Sheikh Zayed Stadium,313,16,237,237,0,2,4,14.0,29.0,3,324.0
1216512,2020-01-01,Sheikh Zayed Stadium,316,15,251,251,0,0,4,7.0,34.0,0,302.0
1216513,2020-01-01,Dubai International Cricket Stadium,344,15,236,236,0,3,4,10.0,36.0,0,398.0
1216514,2020-01-01,Sheikh Zayed Stadium,306,6,238,238,0,2,3,11.0,25.0,0,321.0
1216515,2020-01-01,Sharjah Cricket Stadium,423,15,249,249,0,3,6,28.0,30.0,0,485.0
1216516,2020-01-01,Dubai International Cricket Stadium,302,19,252,252,0,2,4,7.0,33.0,1,313.0
1216517,2020-01-01,Dubai International Cricket Stadium,375,13,269,269,0,2,5,18.0,32.0,2,415.0
1216518,2020-01-01,Dubai International Cricket Stadium,300,10,237,237,0,2,4,13.0,24.0,0,316.0
1216519,2020-01-01,Dubai International Cricket Stadium,312,21,252,252,0,1,5,9.0,29.0,1,301.0
1216520,2020-01-01,Sharjah Cricket Stadium,290,9,237,237,0,3,4,15.0,26.0,3,326.0
1216521,2020-01-01,Sharjah Cricket Stadium,216,14,199,199,0,2,3,10.0,20.0,3,230.0
1216522,2020-01-01,Dubai International Cricket Stadium,333,23,259,259,0,2,5,15.0,22.0,0,367.0
1216523,2020-01-01,Sheikh Zayed Stadium,315,11,244,244,0,4,4,5.0,33.0,1,344.0
1216524,2020-01-01,Dubai International Cricket Stadium,330,20,243,243,0,2,4,8.0,38.0,1,348.0
1216525,2020-01-01,Dubai International Cricket Stadium,284,17,256,256,0,1,4,8.0,20.0,2,256.0
1216526,2020-01-01,Sheikh Zayed Stadium,285,12,226,226,0,2,4,10.0,31.0,0,314.0
1216527,2020-01-01,Sharjah Cricket Stadium,431,18,250,250,1,5,5,29.0,34.0,1,573.0
1216528,2020-01-01,Dubai International Cricket Stadium,303,11,248,248,0,1,4,11.0,25.0,3,290.0
1216529,2020-01-01,Sheikh Zayed Stadium,319,9,247,247,0,3,4,7.0,32.0,1,343.0
1216530,2020-01-01,Dubai International Cricket Stadium,310,12,245,245,0,1,5,16.0,27.0,5,315.0
1216531,2020-01-01,Sharjah Cricket Stadium,324,24,251,251,0,2,4,22.0,14.0,0,360.0
1216532,2020-01-01,Sheikh Zayed Stadium,291,18,247,247,0,1,4,9.0,20.0,0,275.0
1216533,2020-01-01,Sheikh Zayed Stadium,239,12,228,228,0,1,2,3.0,24.0,1,229.0
1216534,2020-01-01,Dubai International Cricket Stadium,296,20,246,246,0,3,4,7.0,27.0,3,299.0
1216535,2020-01-01,Dubai International Cricket Stadium,215,6,209,209,0,1,1,6.0,18.0,1,189.0
1216536,2020-01-01,Dubai International Cricket Stadium,339,11,246,246,0,2,4,12.0,35.0,0,370.0
1216537,2020-01-01,Sheikh Zayed Stadium,355,16,237,237,0,2,6,23.0,27.0,1,430.0
1216538,2020-01-01,Sharjah Cricket Stadium,363,19,252,252,0,2,4,21.0,27.0,1,390.0
1216539,2020-01-01,Dubai International Cricket Stadium,293,13,247,247,0,1,4,3.0,32.0,0,277.0
1216540,2020-01-01,Sharjah Cricket Stadium,291,15,248,248,0,1,5,10.0,22.0,0,277.0
1216541,2020-01-01,Sheikh Zayed Stadium,371,20,242,242,1,3,6,19.0,35.0,0,448.0
1216542,2020-01-01,Dubai International Cricket Stadium,318,15,228,228,0,3,3,16.0,24.0,4,342.0
1216543,2020-01-01,Dubai International Cricket Stadium,294,15,252,252,0,2,4,9.0,25.0,1,289.0
1216544,2020-01-01,Dubai International Cricket Stadium,284,11,240,240,0,2,4,9.0,23.0,0,297.0
1216545,2020-01-01,Sheikh Zayed Stadium,273,14,235,235,0,2,5,8.0,22.0,2,295.0
1216546,2020-01-01,Dubai International Cricket Stadium,319,12,243,243,1,2,3,12.0,28.0,0,355.0
1216547,2020-01-01,Dubai International Cricket Stadium,404,16,260,260,0,5,5,26.0,26.0,1,498.0
1237177,2020-01-01,Dubai International Cricket Stadium,333,10,247,247,0,3,6,18.0,28.0,6,385.0
1237178,2020-01-01,Sheikh Zayed Stadium,249,14,247,247,0,2,3,4.0,21.0,2,224.0
1237180,2020-01-01,Sheikh Zayed Stadium,347,14,250,250,0,2,5,14.0,28.0,1,365.0
1237181,2020-01-01,Dubai International Cricket Stadium,305,8,235,235,0,3,4,11.0,29.0,1,328.0
1254058,2021-01-01,MA Chidambaram Stadium,303,16,250,250,0,0,5,10.0,27.0,2,270.0
1254059,2021-01-01,Wankhede Stadium,364,14,239,239,0,3,5,15.0,40.0,2,426.0
1254060,2021-01-01,MA Chidambaram Stadium,350,14,248,248,0,4,4,18.0,27.0,0,395.0
1254061,2021-01-01,Wankhede Stadium,423,15,253,253,1,3,4,24.0,40.0,3,519.0
1254062,2021-01-01,MA Chidambaram Stadium,275,19,245,245,0,2,4,6.0,30.0,3,247.0
1254063,2021-01-01,MA Chidambaram Stadium,270,22,253,253,0,2,4,8.0,25.0,2,255.0
1254064,2021-01-01,Wankhede Stadium,289,8,243,243,0,2,3,7.0,32.0,1,265.0
1254065,2021-01-01,Wankhede Stadium,202,11,220,220,0,0,3,4.0,23.0,3,167.0
1254066,2021-01-01,MA Chidambaram Stadium,271,16,245,245,0,0,5,14.0,17.0,1,238.0
1254067,2021-01-01,MA Chidambaram Stadium,358,12,251,251,0,2,3,16.0,36.0,0,382.0
1254068,2021-01-01,Wankhede Stadium,374,19,237,237,0,3,4,16.0,38.0,0,448.0
1254069,2021-01-01,Wankhede Stadium,304,27,258,258,0,0,2,16.0,22.0,2,272.0
1254070,2021-01-01,MA Chidambaram Stadium,260,15,241,241,0,0,3,5.0,24.0,1,208.0
1254071,2021-01-01,MA Chidambaram Stadium,225,16,236,236,0,1,2,6.0,13.0,0,188.0
1254072,2021-01-01,Wankhede Stadium,395,27,252,252,0,4,5,26.0,35.0,4,484.0
1254073,2021-01-01,Wankhede Stadium,337,21,229,229,1,2,4,16.0,35.0,2,400.0
1254074,2021-01-01,MA Chidambaram Stadium,253,10,232,232,0,2,4,10.0,20.0,0,265.0
1254075,2021-01-01,Wankhede Stadium,244,23,246,246,0,0,2,7.0,22.0,0,204.0
1254076,2021-01-01,Wankhede Stadium,299,14,250,250,0,2,4,15.0,25.0,1,306.0
1254077,2021-01-01,MA Chidambaram Stadium,316,17,260,260,0,2,5,8.0,33.0,1,327.0
1254078,2021-01-01,Narendra Modi Stadium,237,12,225,225,0,0,4,10.0,22.0,3,205.0
1254079,2021-01-01,Narendra Modi Stadium,333,8,244,244,0,3,4,13.0,25.0,0,358.0
1254080,2021-01-01,Arun Jaitley Stadium,333,11,240,240,0,4,4,6.0,39.0,0,384.0
1254081,2021-01-01,Arun Jaitley Stadium,320,23,237,237,0,1,6,13.0,27.0,0,351.0
1254082,2021-01-01,Narendra Modi Stadium,297,13,225,225,0,1,4,12.0,28.0,3,325.0
1254083,2021-01-01,Narendra Modi Stadium,308,16,246,246,0,1,5,15.0,25.0,4,317.0
1254084,2021-01-01,Arun Jaitley Stadium,419,18,256,256,0,4,7,30.0,30.0,1,519.0
1254085,2021-01-01,Arun Jaitley Stadium,363,22,255,255,1,1,4,19.0,30.0,1,409.0
1254086,2021-01-01,Narendra Modi Stadium,323,10,231,231,0,2,3,15.0,23.0,0,344.0
1254087,2021-01-01,Zayed Cricket Stadium,175,11,183,183,0,0,2,2.0,21.0,2,138.0
1254088,2021-01-01,Zayed Cricket Stadium,407,21,249,249,0,3,5,12.0,51.0,2,444.0
1254089,2021-01-01,Zayed Cricket Stadium,367,12,236,236,1,3,4,18.0,33.0,0,450.0
1254090,2021-01-01,Sharjah Cricket Stadium,304,18,251,251,0,2,4,17.0,20.0,3,312.0
1254091,2021-01-01,Sharjah Cricket Stadium,260,13,246,246,0,0,3,10.0,18.0,0,220.0
1254092,2021-01-01,Sharjah Cricket Stadium,246,11,237,237,0,0,4,7.0,22.0,4,218.0
1254093,2021-01-01,Sharjah Cricket Stadium,177,7,176,176,0,1,1,7.0,16.0,2,143.0
1254094,2021-01-01,Dubai International Cricket Stadium,259,14,210,210,0,2,2,12.0,22.0,2,259.0
1254095,2021-01-01,Zayed Cricket Stadium,271,7,246,246,0,0,4,6.0,26.0,0,229.0
1254096,2021-01-01,Zayed Cricket Stadium,298,16,221,221,0,3,4,14.0,25.0,0,331.0
1254097,2021-01-01,Zayed Cricket Stadium,260,15,251,251,0,1,2,5.0,18.0,0,208.0
1254098,2021-01-01,Zayed Cricket Stadium,330,13,249,249,0,0,5,10.0,32.0,1,316.0
1254099,2021-01-01,Zayed Cricket Stadium,264,8,239,239,0,0,3,6.0,22.0,1,236.0
1254100,2021-01-01,Dubai International Cricket Stadium,307,24,242,242,0,3,4,9.0,30.0,3,335.0
1254101,2021-01-01,Dubai International Cricket Stadium,314,16,251,251,0,2,4,11.0,25.0,1,331.0
1254102,2021-01-01,Dubai International Cricket Stadium,319,14,245,245,0,2,5,13.0,23.0,0,338.0
1254103,2021-01-01,Dubai International Cricket Stadium,290,12,230,230,0,2,4,9.0,28.0,0,284.0
1254104,2021-01-01,Dubai International Cricket Stadium,277,15,249,249,0,2,2,10.0,23.0,4,252.0
1254105,2021-01-01,Dubai International Cricket Stadium,256,17,237,237,0,0,3,9.0,22.0,2,232.0
1254106,2021-01-01,Sharjah Cricket Stadium,238,18,224,224,0,1,3,11.0,19.0,4,219.0
1254107,2021-01-01,Sharjah Cricket Stadium,231,14,246,246,0,0,2,7.0,10.0,0,167.0
1254108,2021-01-01,Dubai International Cricket Stadium,258,18,241,241,0,2,4,10.0,23.0,4,235.0
1254109,2021-01-01,Dubai International Cricket Stadium,229,5,241,241,0,1,1,4.0,25.0,1,182.0
1254110,2021-01-01,Dubai International Cricket Stadium,252,23,250,250,0,1,2,6.0,22.0,0,212.0
1254111,2021-01-01,Dubai International Cricket Stadium,350,18,253,253,0,1,6,15.0,32.0,2,362.0
1254112,2021-01-01,Sharjah Cricket Stadium,249,12,245,245,0,0,2,9.0,18.0,0,197.0
1254113,2021-01-01,Sharjah Cricket Stadium,303,10,235,235,0,2,5,13.0,24.0,0,311.0
1254114,2021-01-01,Dubai International Cricket Stadium,335,10,247,247,0,4,5,11.0,32.0,2,377.0
1254115,2021-01-01,Sharjah Cricket Stadium,259,18,247,247,0,0,1,5.0,20.0,0,197.0
1254116,2021-01-01,Sharjah Cricket Stadium,255,16,248,248,0,1,4,12.0,11.0,4,246.0
1254117,2021-01-01,Dubai International Cricket Stadium,342,15,253,253,0,3,6,17.0,25.0,2,385.0
1304047,2022-01-01,Wankhede Stadium,254,10,237,237,0,1,2,8.0,22.0,1,234.0
1304048,2022-01-01,Brabourne Stadium,342,14,239,239,0,1,5,13.0,36.0,2,368.0
1304049,2022-01-01,Dr DY Patil Sports Academy,368,45,253,253,0,1,6,27.0,20.0,1,430.0
1304050,2022-01-01,Wankhede Stadium,306,13,245,245,0,2,6,10.0,35.0,2,325.0
1304051,2022-01-01,Maharashtra Cricket Association Stadium,335,24,255,255,0,2,6,20.0,27.0,2,372.0
1304052,2022-01-01,Dr DY Patil Sports Academy,240,20,236,236,0,0,0,12.0,22.0,2,192.0
1304053,2022-01-01,Brabourne Stadium,389,32,252,252,0,3,6,17.0,42.0,1,451.0
1304054,2022-01-01,Wankhede Stadium,261,17,210,210,0,1,2,17.0,22.0,4,265.0
1304055,2022-01-01,Dr DY Patil Sports Academy,341,22,256,256,1,3,5,19.0,30.0,2,381.0
1304056,2022-01-01,Maharashtra Cricket Association Stadium,310,18,247,247,0,1,3,8.0,32.0,2,284.0
1304057,2022-01-01,Brabourne Stadium,288,18,245,245,0,2,3,16.0,23.0,3,281.0
1304058,2022-01-01,Dr DY Patil Sports Academy,312,14,247,247,0,2,4,11.0,26.0,1,300.0
1304059,2022-01-01,Wankhede Stadium,324,18,247,247,0,1,5,16.0,26.0,1,348.0
1304060,2022-01-01,Maharashtra Cricket Association Stadium,317,6,218,218,0,3,4,20.0,24.0,0,361.0
1304061,2022-01-01,Dr DY Patil Sports Academy,292,12,246,246,0,2,4,9.0,26.0,0,308.0
1304062,2022-01-01,Brabourne Stadium,368,11,247,247,0,2,4,13.0,40.0,1,398.0
1304063,2022-01-01,Dr DY Patil Sports Academy,300,9,235,235,0,1,4,9.0,27.0,0,297.0
1304064,2022-01-01,Maharashtra Cricket Association Stadium,292,11,236,236,0,2,3,14.0,24.0,2,320.0
1304065,2022-01-01,Brabourne Stadium,364,22,246,246,0,3,4,19.0,32.0,1,400.0
1304066,2022-01-01,Wankhede Stadium,313,14,250,250,0,1,3,16.0,23.0,2,312.0
1304067,2022-01-01,Dr DY Patil Sports Academy,302,28,246,246,0,2,5,9.0,28.0,1,316.0
1304068,2022-01-01,Dr DY Patil Sports Academy,387,22,256,256,0,2,5,24.0,29.0,2,442.0
1304069,2022-01-01,Maharashtra Cricket Association Stadium,363,21,252,252,0,2,6,23.0,26.0,3,415.0
1304070,2022-01-01,Dr DY Patil Sports Academy,340,7,246,246,0,2,4,14.0,34.0,2,358.0
1304071,2022-01-01,Brabourne Stadium,330,21,234,234,0,3,4,19.0,28.0,0,370.0
1304072,2022-01-01,Brabourne Stadium,357,23,249,249,1,1,4,13.0,38.0,1,399.0
1304073,2022-01-01,Wankhede Stadium,347,15,250,250,0,3,5,18.0,30.0,2,387.0
1304074,2022-01-01,Dr DY Patil Sports Academy,288,15,242,242,0,1,5,11.0,25.0,3,285.0
1304075,2022-01-01,Maharashtra Cricket Association Stadium,327,12,246,246,0,2,4,18.0,23.0,3,364.0
1304076,2022-01-01,Brabourne Stadium,398,29,258,258,1,3,4,19.0,37.0,3,457.0
1304077,2022-01-01,Dr DY Patil Sports Academy,320,24,254,254,0,1,3,11.0,30.0,3,302.0
1304078,2022-01-01,Brabourne Stadium,226,8,190,190,0,1,3,3.0,33.0,1,217.0
1304079,2022-01-01,Dr DY Patil Sports Academy,298,13,250,250,0,1,4,13.0,23.0,3,287.0
1304080,2022-01-01,Wankhede Stadium,411,18,252,252,1,2,7,26.0,38.0,1,511.0
1304081,2022-01-01,Dr DY Patil Sports Academy,287,17,253,253,0,1,3,14.0,21.0,3,254.0
1304082,2022-01-01,Brabourne Stadium,126,14,154,154,0,0,1,2.0,16.0,3,84.0
1304083,2022-01-01,Wankhede Stadium,278,22,253,253,1,1,3,11.0,21.0,3,267.0
1304084,2022-01-01,Wankhede Stadium,333,30,259,259,0,2,4,14.0,30.0,0,363.0
1304085,2022-01-01,Maharashtra Cricket Association Stadium,245,14,246,246,0,1,1,12.0,18.0,2,199.0
1304086,2022-01-01,Wankhede Stadium,369,25,251,251,0,3,5,19.0,31.0,1,420.0
1304087,2022-01-01,Wankhede Stadium,281,15,241,241,0,1,4,9.0,24.0,6,269.0
1304088,2022-01-01,Maharashtra Cricket Association Stadium,259,27,253,253,0,0,3,13.0,20.0,1,213.0
1304089,2022-01-01,Brabourne Stadium,328,16,244,244,0,2,6,10.0,34.0,1,366.0
1304090,2022-01-01,Dr DY Patil Sports Academy,296,23,247,247,0,2,3,14.0,24.0,0,310.0
1304091,2022-01-01,Wankhede Stadium,364,20,255,255,0,2,6,18.0,30.0,0,404.0
1304092,2022-01-01,Maharashtra Cricket Association Stadium,377,14,246,246,0,3,5,21.0,26.0,1,439.0
1304093,2022-01-01,Wankhede Stadium,286,24,251,251,0,1,4,9.0,27.0,0,283.0
1304094,2022-01-01,Dr DY Patil Sports Academy,262,26,229,229,0,2,4,7.0,26.0,1,260.0
1304095,2022-01-01,Maharashtra Cricket Association Stadium,317,16,247,247,0,1,5,15.0,24.0,1,301.0
1304096,2022-01-01,Brabourne Stadium,370,23,253,253,0,3,4,23.0,34.0,1,410.0
1304097,2022-01-01,Brabourne Stadium,338,11,246,246,0,2,5,14.0,32.0,1,366.0
1304098,2022-01-01,Wankhede Stadium,358,21,255,255,0,2,6,12.0,44.0,1,422.0
1304099,2022-01-01,Maharashtra Cricket Association Stadium,270,7,211,211,0,1,3,16.0,19.0,4,285.0
1304100,2022-01-01,Wankhede Stadium,302,15,246,246,0,2,5,15.0,26.0,4,326.0
1304101,2022-01-01,Dr DY Patil Sports Academy,309,16,239,239,0,1,3,15.0,30.0,2,313.0
1304102,2022-01-01,Dr DY Patil Sports Academy,257,21,233,233,0,1,3,12.0,21.0,5,228.0
1304103,2022-01-01,Maharashtra Cricket Association Stadium,216,10,212,212,0,1,1,4.0,22.0,0,168.0
1304104,2022-01-01,Dr DY Patil Sports Academy,308,13,239,239,0,3,4,16.0,24.0,1,342.0
1304105,2022-01-01,Wankhede Stadium,175,25,198,198,0,0,2,5.0,20.0,4,127.0
1304106,2022-01-01,Brabourne Stadium,347,17,252,252,0,2,3,19.0,29.0,1,350.0
1304107,2022-01-01,Maharashtra Cricket Association Stadium,285,15,251,251,0,0,4,16.0,18.0,0,243.0
1304108,2022-01-01,Wankhede Stadium,253,17,244,244,0,2,3,5.0,22.0,1,245.0
1304109,2022-01-01,Brabourne Stadium,313,19,251,251,0,1,4,10.0,31.0,2,300.0
1304110,2022-01-01,Dr DY Patil Sports Academy,286,15,249,249,0,1,3,11.0,25.0,2,259.0
1304111,2022-01-01,Wankhede Stadium,360,23,255,255,0,1,6,19.0,29.0,2,389.0
1304112,2022-01-01,Dr DY Patil Sports Academy,406,12,249,249,1,3,6,27.0,31.0,2,521.0
1304113,2022-01-01,Wankhede Stadium,324,14,237,237,0,2,6,14.0,29.0,0,367.0
1304114,2022-01-01,Brabourne Stadium,280,21,247,247,0,2,3,9.0,29.0,0,271.0
1304115,2022-01-01,Wankhede Stadium,300,19,247,247,0,0,5,21.0,17.0,2,309.0
1304116,2022-01-01,Wankhede Stadium,299,18,220,220,0,0,3,15.0,28.0,2,305.0
1312197,2022-01-01,Eden Gardens,355,24,252,252,0,2,6,13.0,38.0,1,403.0
1312198,2022-01-01,Eden Gardens,368,32,256,256,1,2,4,23.0,27.0,2,425.0
1312199,2022-01-01,Narendra Modi Stadium,303,15,236,236,1,2,2,17.0,21.0,1,324.0
1312200,2022-01-01,Narendra Modi Stadium,252,11,233,233,0,0,4,8.0,21.0,0,221.0
1359475,2023-01-01,Narendra Modi Stadium,340,20,243,243,0,2,2,21.0,25.0,0,359.0
1359476,2023-01-01,Punjab Cricket Association Stadium,327,10,222,222,0,1,4,16.0,30.0,0,347.0
1359477,2023-01-01,Bharat Ratna Shri Atal Bihari Vajpayee Ekana Cricket Stadium,318,18,251,251,0,2,4,18.0,20.0,2,318.0
1359478,2023-01-01,Rajiv Gandhi International Stadium,319,15,248,248,0,3,4,13.0,29.0,2,332.0
1359479,2023-01-01,M Chinnaswamy Stadium,327,16,232,232,0,3,3,20.0,26.0,1,367.0
1359480,2023-01-01,MA Chidambaram Stadium,388,34,260,260,0,2,4,22.0,28.0,0,420.0
1359481,2023-01-01,Arun Jaitley Stadium,302,23,240,240,0,1,5,11.0,29.0,1,313.0
1359482,2023-01-01,Barsapara Cricket Stadium,369,20,252,252,0,2,5,17.0,32.0,1,397.0
1359483,2023-01-01,Eden Gardens,298,29,236,236,0,2,3,13.0,30.0,4,302.0
1359484,2023-01-01,Bharat Ratna Shri Atal Bihari Vajpayee Ekana Cricket Stadium,227,21,223,223,0,0,4,6.0,23.0,2,208.0
1359485,2023-01-01,Barsapara Cricket Stadium,325,16,252,252,0,3,5,7.0,38.0,4,353.0
1359486,2023-01-01,Wankhede Stadium,298,18,239,239,0,1,4,9.0,29.0,1,289.0
1359487,2023-01-01,Narendra Modi Stadium,391,20,250,250,0,3,6,22.0,33.0,2,458.0
1359488,2023-01-01,Rajiv Gandhi International Stadium,282,6,228,228,0,2,3,9.0,39.0,3,295.0
1359489,2023-01-01,M Chinnaswamy Stadium,397,28,253,253,0,5,6,27.0,29.0,3,484.0
1359490,2023-01-01,Arun Jaitley Stadium,328,17,246,246,0,3,5,15.0,34.0,2,354.0
1359491,2023-01-01,MA Chidambaram Stadium,327,20,253,253,0,2,7,13.0,23.0,2,326.0
1359492,2023-01-01,Punjab Cricket Association Stadium,288,19,248,248,0,1,3,6.0,33.0,1,279.0
1359493,2023-01-01,Eden Gardens,411,22,256,256,1,4,6,22.0,39.0,2,532.0
1359494,2023-01-01,M Chinnaswamy Stadium,311,14,247,247,0,2,2,10.0,31.0,3,290.0
1359495,2023-01-01,Bharat Ratna Shri Atal Bihari Vajpayee Ekana Cricket Stadium,301,19,249,249,0,2,3,12.0,27.0,4,288.0
1359496,2023-01-01,Wankhede Stadium,353,18,237,237,1,2,4,23.0,27.0,1,418.0
1359497,2023-01-01,Narendra Modi Stadium,348,8,242,242,0,2,4,22.0,23.0,2,383.0
1359498,2023-01-01,M Chinnaswamy Stadium,426,18,252,252,0,4,5,33.0,24.0,1,518.0
1359499,2023-01-01,Rajiv Gandhi International Stadium,349,21,249,249,0,1,5,13.0,37.0,0,362.0
1359500,2023-01-01,Sawai Mansingh Stadium,280,18,245,245,0,1,4,9.0,26.0,1,262.0
1359501,2023-01-01,Punjab Cricket Association Stadium,307,17,236,236,0,2,4,16.0,21.0,1,306.0
1359502,2023-01-01,Arun Jaitley Stadium,236,19,251,251,0,1,3,6.0,27.0,3,193.0
1359503,2023-01-01,MA Chidambaram Stadium,266,6,234,234,0,1,3,3.0,27.0,0,241.0
1359504,2023-01-01,Bharat Ratna Shri Atal Bihari Vajpayee Ekana Cricket Stadium,260,3,241,241,0,2,3,6.0,21.0,3,243.0
1359505,2023-01-01,Wankhede Stadium,400,15,252,252,0,3,5,25.0,33.0,1,465.0
1359506,2023-01-01,M Chinnaswamy Stadium,347,24,251,251,0,3,5,12.0,36.0,4,371.0
1359507,2023-01-01,Eden Gardens,408,13,252,252,0,5,6,30.0,28.0,2,502.0
1359508,2023-01-01,Rajiv Gandhi International Stadium,276,5,242,242,0,0,4,3.0,28.0,1,222.0
1359509,2023-01-01,Narendra Modi Stadium,349,10,246,246,0,1,5,21.0,22.0,2,371.0
1359510,2023-01-01,M Chinnaswamy Stadium,366,13,247,247,0,2,5,19.0,28.0,0,402.0
1359511,2023-01-01,Sawai Mansingh Stadium,359,13,245,245,0,2,4,13.0,34.0,1,395.0
1359512,2023-01-01,Punjab Cricket Association Stadium,430,28,257,257,0,3,6,22.0,45.0,2,509.0
1359513,2023-01-01,Eden Gardens,344,15,233,233,0,2,5,20.0,27.0,1,397.0
1359514,2023-01-01,Arun Jaitley Stadium,371,14,252,252,0,4,4,17.0,31.0,2,414.0
1359515,2023-01-01,MA Chidambaram Stadium,380,21,252,252,0,1,4,15.0,36.0,0,416.0
1359516,2023-01-01,Wankhede Stadium,391,35,258,258,1,2,4,22.0,41.0,1,456.0
1359517,2023-01-01,Bharat Ratna Shri Atal Bihari Vajpayee Ekana Cricket Stadium,225,9,246,246,0,0,2,6.0,14.0,3,145.0
1359518,2023-01-01,Narendra Modi Stadium,245,10,248,248,0,2,2,9.0,18.0,4,219.0
1359519,2023-01-01,Bharat Ratna Shri Atal Bihari Vajpayee Ekana Cricket Stadium,119,6,118,118,0,1,1,4.0,6.0,1,101.0
1359520,2023-01-01,Punjab Cricket Association Stadium,406,24,244,244,0,3,5,16.0,43.0,1,493.0
1359521,2023-01-01,Rajiv Gandhi International Stadium,315,22,254,254,0,0,4,11.0,31.0,3,300.0
1359522,2023-01-01,Sawai Mansingh Stadium,226,11,198,198,0,0,4,6.0,23.0,0,199.0
1359523,2023-01-01,MA Chidambaram Stadium,266,13,231,231,0,1,3,8.0,24.0,1,240.0
1359524,2023-01-01,Arun Jaitley Stadium,351,17,228,228,0,3,5,18.0,31.0,1,418.0
1359525,2023-01-01,Narendra Modi Stadium,384,14,250,250,0,3,4,21.0,31.0,1,447.0
1359526,2023-01-01,Sawai Mansingh Stadium,415,16,250,250,0,3,6,24.0,34.0,0,503.0
1359527,2023-01-01,Eden Gardens,344,17,249,249,0,2,4,12.0,41.0,1,385.0
1359528,2023-01-01,Wankhede Stadium,381,18,229,229,0,4,6,21.0,37.0,1,454.0
1359529,2023-01-01,MA Chidambaram Stadium,281,26,255,255,0,0,1,13.0,20.0,3,241.0
1359530,2023-01-01,Eden Gardens,292,8,203,203,0,2,3,18.0,23.0,1,317.0
1359531,2023-01-01,Wankhede Stadium,401,8,243,243,1,2,5,24.0,38.0,0,461.0
1359532,2023-01-01,Rajiv Gandhi International Stadium,356,11,244,244,0,1,6,18.0,33.0,1,395.0
1359533,2023-01-01,Arun Jaitley Stadium,286,17,250,250,1,2,2,10.0,30.0,1,278.0
1359534,2023-01-01,Sawai Mansingh Stadium,222,8,189,189,0,2,3,11.0,16.0,5,218.0
1359535,2023-01-01,MA Chidambaram Stadium,273,18,243,243,0,2,4,9.0,20.0,0,265.0
1359536,2023-01-01,Narendra Modi Stadium,320,22,253,253,1,2,3,7.0,35.0,5,313.0
1359537,2023-01-01,Bharat Ratna Shri Atal Bihari Vajpayee Ekana Cricket Stadium,324,25,255,255,0,2,5,18.0,18.0,1,346.0
1359538,2023-01-01,Himachal Pradesh Cricket Association Stadium,396,15,249,249,0,4,5,24.0,35.0,3,501.0
1359539,2023-01-01,Rajiv Gandhi International Stadium,360,13,245,245,2,3,3,14.0,35.0,0,437.0
1359540,2023-01-01,Himachal Pradesh Cricket Association Stadium,361,15,252,252,0,2,6,18.0,35.0,1,404.0
1359541,2023-01-01,Arun Jaitley Stadium,348,21,256,256,0,3,3,20.0,28.0,4,384.0
1359542,2023-01-01,Eden Gardens,330,21,252,252,0,2,3,17.0,29.0,1,329.0
1359543,2023-01-01,Wankhede Stadium,383,18,239,239,1,4,4,17.0,41.0,1,472.0
1359544,2023-01-01,M Chinnaswamy Stadium,369,26,248,248,2,3,3,13.0,40.0,2,445.0
1370350,2023-01-01,MA Chidambaram Stadium,309,20,254,254,0,1,4,9.0,27.0,1,286.0
1370351,2023-01-01,MA Chidambaram Stadium,257,26,228,228,0,0,3,10.0,24.0,3,217.0
1370352,2023-01-01,Narendra Modi Stadium,387,17,242,242,1,2,5,20.0,35.0,1,440.0
1370353,2023-01-01,Narendra Modi Stadium,376,9,216,216,0,2,5,19.0,31.0,2,453.0
